2025-12-12 23:18:03,909 [INFO] Activator:177 - 


2025-12-12 23:18:03,909 [INFO] Activator:178 - !SESSION log4j initialized
2025-12-12 23:21:01,173 [INFO] Activator:177 - 


2025-12-12 23:21:01,174 [INFO] Activator:178 - !SESSION log4j initialized
2025-12-12 23:22:34,788 [INFO] McuFinderGlobals:39 - Set McuFinder mode to 2 (CubeIDE integrated)
2025-12-12 23:22:35,501 [INFO] ApplicationProperties:181 - Using Application install path: G:\Study\ViXuLy\stm32cubeide_1.7.0\STM32CubeIDE\plugins\com.st.stm32cube.common.mx_6.3.0.202107141111
2025-12-12 23:22:35,523 [INFO] DbMcusXml:74 - Set database path to: G:\Study\ViXuLy\stm32cubeide_1.7.0\STM32CubeIDE\plugins\com.st.stm32cube.common.mx_6.3.0.202107141111\\db\/mcu/
2025-12-12 23:22:35,523 [INFO] DbBoardsPdsc:56 - Set plugin database path to: G:\Study\ViXuLy\stm32cubeide_1.7.0\STM32CubeIDE\plugins\com.st.stm32cube.common.mx_6.3.0.202107141111\\db\/plugins/boardmanager/
2025-12-12 23:22:35,523 [INFO] DbMcus:258 - Set plugin images path to: G:\Study\ViXuLy\stm32cubeide_1.7.0\STM32CubeIDE\plugins\com.st.stm32cube.common.mx_6.3.0.202107141111\\db\/plugins/mcufinder/images/
2025-12-12 23:22:35,523 [INFO] DbBoards:264 - Set plugin images path to: G:\Study\ViXuLy\stm32cubeide_1.7.0\STM32CubeIDE\plugins\com.st.stm32cube.common.mx_6.3.0.202107141111\\db\/plugins/mcufinder/images/
2025-12-12 23:22:35,523 [INFO] DbExamples:333 - Set plugin images path to: G:\Study\ViXuLy\stm32cubeide_1.7.0\STM32CubeIDE\plugins\com.st.stm32cube.common.mx_6.3.0.202107141111\\db\/plugins/mcufinder/images/
2025-12-12 23:22:35,538 [INFO] DbMcusAds:119 - Set database path to: C:\Users\ATPHOME\.stmcufinder\plugins\mcufinder//mcu/
2025-12-12 23:22:35,538 [INFO] DbMcusDocs:110 - Set database path to: C:\Users\ATPHOME\.stmcufinder\plugins\mcufinder//mcu/
2025-12-12 23:22:35,538 [INFO] DbMcusJson:64 - Set database path to: C:\Users\ATPHOME\.stmcufinder\plugins\mcufinder//mcu/
2025-12-12 23:22:35,538 [INFO] DbBoardsDocs:110 - Set database path to: C:\Users\ATPHOME\.stmcufinder\plugins\mcufinder//mcu/
2025-12-12 23:22:35,538 [INFO] DbBoardsJson:57 - Set database path to: C:\Users\ATPHOME\.stmcufinder\plugins\mcufinder//mcu/
2025-12-12 23:22:36,038 [INFO] CrossReferenceDbSqlite:196 - Set database path to: C:\Users\ATPHOME\.stmcufinder\plugins\mcufinder//mcu/cs/
2025-12-12 23:22:36,045 [INFO] DbExamplesSqlite:767 - Set database path to: C:\Users\ATPHOME\.stmcufinder\plugins\mcufinder//mcu/
2025-12-12 23:22:36,195 [INFO] RulesReader:57 - Compatibility file has been processed (242 Rules)
2025-12-12 23:22:36,388 [INFO] DbMcusXml:74 - Set database path to: G:\Study\ViXuLy\stm32cubeide_1.7.0\STM32CubeIDE\plugins\com.st.stm32cube.common.mx_6.3.0.202107141111\\db\/mcu/
2025-12-12 23:22:36,388 [INFO] DbBoardsPdsc:56 - Set plugin database path to: G:\Study\ViXuLy\stm32cubeide_1.7.0\STM32CubeIDE\plugins\com.st.stm32cube.common.mx_6.3.0.202107141111\\db\/plugins/boardmanager/
2025-12-12 23:22:36,388 [INFO] DbMcus:258 - Set plugin images path to: G:\Study\ViXuLy\stm32cubeide_1.7.0\STM32CubeIDE\plugins\com.st.stm32cube.common.mx_6.3.0.202107141111\\db\/plugins/mcufinder/images/
2025-12-12 23:22:36,388 [INFO] DbBoards:264 - Set plugin images path to: G:\Study\ViXuLy\stm32cubeide_1.7.0\STM32CubeIDE\plugins\com.st.stm32cube.common.mx_6.3.0.202107141111\\db\/plugins/mcufinder/images/
2025-12-12 23:22:36,388 [INFO] DbExamples:333 - Set plugin images path to: G:\Study\ViXuLy\stm32cubeide_1.7.0\STM32CubeIDE\plugins\com.st.stm32cube.common.mx_6.3.0.202107141111\\db\/plugins/mcufinder/images/
2025-12-12 23:22:36,388 [WARN] DbFile:35 - Overriding database path with different value: C:\Users\ATPHOME\.stmcufinder\plugins\mcufinder/ => C:\Users\ATPHOME\.stmcufinder\plugins\mcufinder
2025-12-12 23:22:36,388 [INFO] DbMcusAds:119 - Set database path to: C:\Users\ATPHOME\.stmcufinder\plugins\mcufinder//mcu/
2025-12-12 23:22:36,388 [WARN] DbFile:35 - Overriding database path with different value: C:\Users\ATPHOME\.stmcufinder\plugins\mcufinder/ => C:\Users\ATPHOME\.stmcufinder\plugins\mcufinder
2025-12-12 23:22:36,388 [INFO] DbMcusDocs:110 - Set database path to: C:\Users\ATPHOME\.stmcufinder\plugins\mcufinder//mcu/
2025-12-12 23:22:36,388 [WARN] DbFile:35 - Overriding database path with different value: C:\Users\ATPHOME\.stmcufinder\plugins\mcufinder/ => C:\Users\ATPHOME\.stmcufinder\plugins\mcufinder
2025-12-12 23:22:36,388 [INFO] DbMcusJson:64 - Set database path to: C:\Users\ATPHOME\.stmcufinder\plugins\mcufinder//mcu/
2025-12-12 23:22:36,388 [WARN] DbFile:35 - Overriding database path with different value: C:\Users\ATPHOME\.stmcufinder\plugins\mcufinder/ => C:\Users\ATPHOME\.stmcufinder\plugins\mcufinder
2025-12-12 23:22:36,388 [INFO] DbBoardsDocs:110 - Set database path to: C:\Users\ATPHOME\.stmcufinder\plugins\mcufinder//mcu/
2025-12-12 23:22:36,388 [WARN] DbFile:35 - Overriding database path with different value: C:\Users\ATPHOME\.stmcufinder\plugins\mcufinder/ => C:\Users\ATPHOME\.stmcufinder\plugins\mcufinder
2025-12-12 23:22:36,388 [INFO] DbBoardsJson:57 - Set database path to: C:\Users\ATPHOME\.stmcufinder\plugins\mcufinder//mcu/
2025-12-12 23:22:36,388 [WARN] DbFile:35 - Overriding database path with different value: C:\Users\ATPHOME\.stmcufinder\plugins\mcufinder/ => C:\Users\ATPHOME\.stmcufinder\plugins\mcufinder
2025-12-12 23:22:36,388 [WARN] DbFile:35 - Overriding database path with different value: C:\Users\ATPHOME\.stmcufinder\plugins\mcufinder/ => C:\Users\ATPHOME\.stmcufinder\plugins\mcufinder
2025-12-12 23:22:36,388 [INFO] CrossReferenceDbSqlite:196 - Set database path to: C:\Users\ATPHOME\.stmcufinder\plugins\mcufinder//mcu/cs/
2025-12-12 23:22:36,388 [WARN] DbFile:35 - Overriding database path with different value: C:\Users\ATPHOME\.stmcufinder\plugins\mcufinder/ => C:\Users\ATPHOME\.stmcufinder\plugins\mcufinder
2025-12-12 23:22:36,388 [INFO] DbExamplesSqlite:767 - Set database path to: C:\Users\ATPHOME\.stmcufinder\plugins\mcufinder//mcu/
2025-12-12 23:22:36,547 [INFO] MainPanel:214 - HeapMemory: 643825664
2025-12-12 23:22:36,663 [INFO] DbMcusXml:74 - Set database path to: G:\Study\ViXuLy\stm32cubeide_1.7.0\STM32CubeIDE\plugins\com.st.stm32cube.common.mx_6.3.0.202107141111\\db\/mcu/
2025-12-12 23:22:36,663 [INFO] DbBoardsPdsc:56 - Set plugin database path to: G:\Study\ViXuLy\stm32cubeide_1.7.0\STM32CubeIDE\plugins\com.st.stm32cube.common.mx_6.3.0.202107141111\\db\/plugins/boardmanager/
2025-12-12 23:22:36,663 [INFO] DbMcus:258 - Set plugin images path to: G:\Study\ViXuLy\stm32cubeide_1.7.0\STM32CubeIDE\plugins\com.st.stm32cube.common.mx_6.3.0.202107141111\\db\/plugins/mcufinder/images/
2025-12-12 23:22:36,663 [INFO] DbBoards:264 - Set plugin images path to: G:\Study\ViXuLy\stm32cubeide_1.7.0\STM32CubeIDE\plugins\com.st.stm32cube.common.mx_6.3.0.202107141111\\db\/plugins/mcufinder/images/
2025-12-12 23:22:36,663 [INFO] DbExamples:333 - Set plugin images path to: G:\Study\ViXuLy\stm32cubeide_1.7.0\STM32CubeIDE\plugins\com.st.stm32cube.common.mx_6.3.0.202107141111\\db\/plugins/mcufinder/images/
2025-12-12 23:22:36,663 [WARN] DbFile:35 - Overriding database path with different value: C:\Users\ATPHOME\.stmcufinder\plugins\mcufinder/ => C:\Users\ATPHOME\.stmcufinder\plugins\mcufinder
2025-12-12 23:22:36,663 [INFO] DbMcusAds:119 - Set database path to: C:\Users\ATPHOME\.stmcufinder\plugins\mcufinder//mcu/
2025-12-12 23:22:36,663 [WARN] DbFile:35 - Overriding database path with different value: C:\Users\ATPHOME\.stmcufinder\plugins\mcufinder/ => C:\Users\ATPHOME\.stmcufinder\plugins\mcufinder
2025-12-12 23:22:36,663 [INFO] DbMcusDocs:110 - Set database path to: C:\Users\ATPHOME\.stmcufinder\plugins\mcufinder//mcu/
2025-12-12 23:22:36,663 [WARN] DbFile:35 - Overriding database path with different value: C:\Users\ATPHOME\.stmcufinder\plugins\mcufinder/ => C:\Users\ATPHOME\.stmcufinder\plugins\mcufinder
2025-12-12 23:22:36,663 [INFO] DbMcusJson:64 - Set database path to: C:\Users\ATPHOME\.stmcufinder\plugins\mcufinder//mcu/
2025-12-12 23:22:36,663 [WARN] DbFile:35 - Overriding database path with different value: C:\Users\ATPHOME\.stmcufinder\plugins\mcufinder/ => C:\Users\ATPHOME\.stmcufinder\plugins\mcufinder
2025-12-12 23:22:36,663 [INFO] DbBoardsDocs:110 - Set database path to: C:\Users\ATPHOME\.stmcufinder\plugins\mcufinder//mcu/
2025-12-12 23:22:36,663 [WARN] DbFile:35 - Overriding database path with different value: C:\Users\ATPHOME\.stmcufinder\plugins\mcufinder/ => C:\Users\ATPHOME\.stmcufinder\plugins\mcufinder
2025-12-12 23:22:36,663 [INFO] DbBoardsJson:57 - Set database path to: C:\Users\ATPHOME\.stmcufinder\plugins\mcufinder//mcu/
2025-12-12 23:22:36,663 [WARN] DbFile:35 - Overriding database path with different value: C:\Users\ATPHOME\.stmcufinder\plugins\mcufinder/ => C:\Users\ATPHOME\.stmcufinder\plugins\mcufinder
2025-12-12 23:22:36,663 [WARN] DbFile:35 - Overriding database path with different value: C:\Users\ATPHOME\.stmcufinder\plugins\mcufinder/ => C:\Users\ATPHOME\.stmcufinder\plugins\mcufinder
2025-12-12 23:22:36,663 [INFO] CrossReferenceDbSqlite:196 - Set database path to: C:\Users\ATPHOME\.stmcufinder\plugins\mcufinder//mcu/cs/
2025-12-12 23:22:36,663 [WARN] DbFile:35 - Overriding database path with different value: C:\Users\ATPHOME\.stmcufinder\plugins\mcufinder/ => C:\Users\ATPHOME\.stmcufinder\plugins\mcufinder
2025-12-12 23:22:36,663 [INFO] DbExamplesSqlite:767 - Set database path to: C:\Users\ATPHOME\.stmcufinder\plugins\mcufinder//mcu/
2025-12-12 23:22:36,689 [INFO] ApplicationProperties:181 - Using Application install path: G:\Study\ViXuLy\stm32cubeide_1.7.0\STM32CubeIDE\plugins\com.st.stm32cube.common.mx_6.3.0.202107141111
2025-12-12 23:22:36,690 [INFO] PluginManage:188 - Search for loadable plugins [exclusion list=, ]
2025-12-12 23:22:36,692 [INFO] PluginManage:302 - Check plugin analytics
2025-12-12 23:22:36,905 [INFO] AnalyticsPlugin:257 - Accepted Software Licenses: 
2025-12-12 23:22:36,905 [INFO] AnalyticsPlugin:259 - Accepted CMSIS Pack Licenses: 
2025-12-12 23:22:36,906 [INFO] AnalyticsPlugin:261 - Accepted Firmware Licenses: 
2025-12-12 23:22:36,906 [INFO] PluginManage:352 - Loaded plugin analytics (category:tool,tabindex:-1)
2025-12-12 23:22:36,906 [INFO] PluginManage:302 - Check plugin clock
2025-12-12 23:22:36,913 [INFO] PluginManage:352 - Loaded plugin clock (category:base,tabindex:2)
2025-12-12 23:22:36,913 [INFO] PluginManage:302 - Check plugin ddr
2025-12-12 23:22:36,913 [INFO] PluginManage:352 - Loaded plugin ddr (category:tool,tabindex:6)
2025-12-12 23:22:36,913 [INFO] PluginManage:302 - Check plugin filemanager
2025-12-12 23:22:37,064 [INFO] PluginManage:352 - Loaded plugin filemanager (category:base,tabindex:10)
2025-12-12 23:22:37,064 [INFO] PluginManage:302 - Check plugin ipmanager
2025-12-12 23:22:37,079 [INFO] PluginManage:352 - Loaded plugin ipmanager (category:base,tabindex:5)
2025-12-12 23:22:37,079 [INFO] PluginManage:302 - Check plugin pinoutandconfiguration
2025-12-12 23:22:37,095 [INFO] PluginManage:352 - Loaded plugin pinoutandconfiguration (category:base,tabindex:1)
2025-12-12 23:22:37,095 [INFO] PluginManage:302 - Check plugin pinoutconfig
2025-12-12 23:22:37,126 [INFO] PluginManage:352 - Loaded plugin pinoutconfig (category:base,tabindex:0)
2025-12-12 23:22:37,126 [INFO] PluginManage:302 - Check plugin power
2025-12-12 23:22:37,148 [INFO] PluginManage:352 - Loaded plugin power (category:power,tabindex:4)
2025-12-12 23:22:37,148 [INFO] PluginManage:302 - Check plugin projectmanager
2025-12-12 23:22:37,195 [INFO] PluginManage:352 - Loaded plugin projectmanager (category:projectmanager,tabindex:3)
2025-12-12 23:22:37,195 [INFO] PluginManage:302 - Check plugin thirdparty
2025-12-12 23:22:37,421 [WARN] IntegrityCheckThread:78 - waiting for thirdparty lock release [integrity check]
2025-12-12 23:22:37,421 [INFO] PluginManage:352 - Loaded plugin thirdparty (category:base,tabindex:-1)
2025-12-12 23:22:37,421 [INFO] IntegrityCheckThread:80 - entering critical section [integrity check]
2025-12-12 23:22:37,421 [INFO] PluginManage:302 - Check plugin tools
2025-12-12 23:22:37,421 [INFO] ThirdPartyUpdaterWithRetryManager:66 - Updater plugin not ready yet. [1/15]
2025-12-12 23:22:37,429 [INFO] PluginManage:352 - Loaded plugin tools (category:base,tabindex:7)
2025-12-12 23:22:37,429 [INFO] PluginManage:302 - Check plugin tutovideos
2025-12-12 23:22:37,716 [INFO] PluginManage:352 - Loaded plugin tutovideos (category:base,tabindex:-1)
2025-12-12 23:22:37,716 [INFO] PluginManage:302 - Check plugin updater
2025-12-12 23:22:37,732 [INFO] PluginManage:352 - Loaded plugin updater (category:base,tabindex:12)
2025-12-12 23:22:37,732 [INFO] PluginManage:275 - PluginManage : Loaded plugins [13]
2025-12-12 23:22:37,948 [INFO] PinOutPanel:1463 - setPackage(No Configuration,No Configuration)
2025-12-12 23:22:38,079 [INFO] IPUIPlugin:74 - create IPUIPlugin
2025-12-12 23:22:38,079 [INFO] PluginManager:213 - loadIPPluginJar : add adc
2025-12-12 23:22:38,079 [INFO] IPUIPlugin:74 - create IPUIPlugin
2025-12-12 23:22:38,079 [INFO] PluginManager:213 - loadIPPluginJar : add aes
2025-12-12 23:22:38,079 [INFO] IPUIPlugin:74 - create IPUIPlugin
2025-12-12 23:22:38,079 [INFO] PluginManager:213 - loadIPPluginJar : add can
2025-12-12 23:22:38,095 [INFO] IPUIPlugin:74 - create IPUIPlugin
2025-12-12 23:22:38,095 [INFO] PluginManager:213 - loadIPPluginJar : add comp
2025-12-12 23:22:38,095 [INFO] IPUIPlugin:74 - create IPUIPlugin
2025-12-12 23:22:38,095 [INFO] PluginManager:213 - loadIPPluginJar : add cryp
2025-12-12 23:22:38,102 [INFO] IPUIPlugin:74 - create IPUIPlugin
2025-12-12 23:22:38,102 [INFO] PluginManager:213 - loadIPPluginJar : add dfsdm
2025-12-12 23:22:38,104 [INFO] IPUIPlugin:74 - create IPUIPlugin
2025-12-12 23:22:38,104 [INFO] PluginManager:213 - loadIPPluginJar : add dma
2025-12-12 23:22:38,104 [INFO] IPUIPlugin:74 - create IPUIPlugin
2025-12-12 23:22:38,104 [INFO] PluginManager:213 - loadIPPluginJar : add dma3
2025-12-12 23:22:38,112 [INFO] IPUIPlugin:74 - create IPUIPlugin
2025-12-12 23:22:38,112 [INFO] PluginManager:213 - loadIPPluginJar : add fatfs
2025-12-12 23:22:38,114 [INFO] IPUIPlugin:74 - create IPUIPlugin
2025-12-12 23:22:38,114 [INFO] PluginManager:213 - loadIPPluginJar : add fmc
2025-12-12 23:22:38,122 [INFO] IPUIPlugin:74 - create IPUIPlugin
2025-12-12 23:22:38,122 [INFO] PluginManager:213 - loadIPPluginJar : add freertos
2025-12-12 23:22:38,124 [INFO] IPUIPlugin:74 - create IPUIPlugin
2025-12-12 23:22:38,124 [INFO] PluginManager:213 - loadIPPluginJar : add genericplugin
2025-12-12 23:22:38,124 [INFO] IPUIPlugin:74 - create IPUIPlugin
2025-12-12 23:22:38,124 [INFO] PluginManager:213 - loadIPPluginJar : add gfxmmu
2025-12-12 23:22:38,132 [INFO] IPUIPlugin:74 - create IPUIPlugin
2025-12-12 23:22:38,132 [INFO] PluginManager:213 - loadIPPluginJar : add gic
2025-12-12 23:22:38,134 [INFO] IPUIPlugin:74 - create IPUIPlugin
2025-12-12 23:22:38,134 [INFO] PluginManager:213 - loadIPPluginJar : add gpio
2025-12-12 23:22:38,134 [INFO] IPUIPlugin:74 - create IPUIPlugin
2025-12-12 23:22:38,134 [INFO] PluginManager:213 - loadIPPluginJar : add gtzc
2025-12-12 23:22:38,142 [INFO] IPUIPlugin:74 - create IPUIPlugin
2025-12-12 23:22:38,144 [INFO] PluginManager:213 - loadIPPluginJar : add hash
2025-12-12 23:22:38,144 [INFO] IPUIPlugin:74 - create IPUIPlugin
2025-12-12 23:22:38,144 [INFO] PluginManager:213 - loadIPPluginJar : add i2c
2025-12-12 23:22:38,144 [INFO] IPUIPlugin:74 - create IPUIPlugin
2025-12-12 23:22:38,144 [INFO] PluginManager:213 - loadIPPluginJar : add i2s
2025-12-12 23:22:38,161 [INFO] IPUIPlugin:74 - create IPUIPlugin
2025-12-12 23:22:38,161 [INFO] PluginManager:213 - loadIPPluginJar : add ipddr
2025-12-12 23:22:38,168 [INFO] IPUIPlugin:74 - create IPUIPlugin
2025-12-12 23:22:38,169 [INFO] PluginManager:213 - loadIPPluginJar : add linkedlist
2025-12-12 23:22:38,172 [INFO] IPUIPlugin:74 - create IPUIPlugin
2025-12-12 23:22:38,172 [INFO] PluginManager:213 - loadIPPluginJar : add lorawan
2025-12-12 23:22:38,173 [INFO] IPUIPlugin:74 - create IPUIPlugin
2025-12-12 23:22:38,173 [INFO] PluginManager:213 - loadIPPluginJar : add ltdc
2025-12-12 23:22:38,178 [INFO] IPUIPlugin:74 - create IPUIPlugin
2025-12-12 23:22:38,178 [INFO] PluginManager:213 - loadIPPluginJar : add mdma
2025-12-12 23:22:38,181 [INFO] IPUIPlugin:74 - create IPUIPlugin
2025-12-12 23:22:38,182 [INFO] PluginManager:213 - loadIPPluginJar : add nvic
2025-12-12 23:22:38,186 [INFO] IPUIPlugin:74 - create IPUIPlugin
2025-12-12 23:22:38,186 [INFO] PluginManager:213 - loadIPPluginJar : add opamp
2025-12-12 23:22:38,191 [INFO] IPUIPlugin:74 - create IPUIPlugin
2025-12-12 23:22:38,191 [INFO] PluginManager:213 - loadIPPluginJar : add openamp
2025-12-12 23:22:38,195 [INFO] IPUIPlugin:74 - create IPUIPlugin
2025-12-12 23:22:38,196 [INFO] PluginManager:213 - loadIPPluginJar : add pdm2pcm
2025-12-12 23:22:38,204 [INFO] IPUIPlugin:74 - create IPUIPlugin
2025-12-12 23:22:38,219 [INFO] PluginManager:213 - loadIPPluginJar : add plateformsettings
2025-12-12 23:22:38,221 [INFO] IPUIPlugin:74 - create IPUIPlugin
2025-12-12 23:22:38,222 [INFO] PluginManager:213 - loadIPPluginJar : add quadspi
2025-12-12 23:22:38,226 [INFO] IPUIPlugin:74 - create IPUIPlugin
2025-12-12 23:22:38,226 [INFO] PluginManager:213 - loadIPPluginJar : add resmgrutility
2025-12-12 23:22:38,230 [INFO] IPUIPlugin:74 - create IPUIPlugin
2025-12-12 23:22:38,230 [INFO] PluginManager:213 - loadIPPluginJar : add sai
2025-12-12 23:22:38,234 [INFO] IPUIPlugin:74 - create IPUIPlugin
2025-12-12 23:22:38,234 [INFO] PluginManager:213 - loadIPPluginJar : add spi
2025-12-12 23:22:38,240 [INFO] IPUIPlugin:74 - create IPUIPlugin
2025-12-12 23:22:38,240 [INFO] PluginManager:213 - loadIPPluginJar : add stm32_wpan
2025-12-12 23:22:38,242 [INFO] IPUIPlugin:74 - create IPUIPlugin
2025-12-12 23:22:38,243 [INFO] PluginManager:213 - loadIPPluginJar : add tim
2025-12-12 23:22:38,247 [INFO] IPUIPlugin:74 - create IPUIPlugin
2025-12-12 23:22:38,247 [INFO] PluginManager:213 - loadIPPluginJar : add touchsensing
2025-12-12 23:22:38,249 [INFO] IPUIPlugin:74 - create IPUIPlugin
2025-12-12 23:22:38,250 [INFO] PluginManager:213 - loadIPPluginJar : add tracer_emb
2025-12-12 23:22:38,252 [INFO] IPUIPlugin:74 - create IPUIPlugin
2025-12-12 23:22:38,252 [INFO] PluginManager:213 - loadIPPluginJar : add ts
2025-12-12 23:22:38,255 [INFO] IPUIPlugin:74 - create IPUIPlugin
2025-12-12 23:22:38,255 [INFO] PluginManager:213 - loadIPPluginJar : add tsc
2025-12-12 23:22:38,257 [INFO] IPUIPlugin:74 - create IPUIPlugin
2025-12-12 23:22:38,257 [INFO] PluginManager:213 - loadIPPluginJar : add ucpd
2025-12-12 23:22:38,260 [INFO] IPUIPlugin:74 - create IPUIPlugin
2025-12-12 23:22:38,260 [INFO] PluginManager:213 - loadIPPluginJar : add usart
2025-12-12 23:22:38,263 [INFO] IPUIPlugin:74 - create IPUIPlugin
2025-12-12 23:22:38,264 [INFO] PluginManager:213 - loadIPPluginJar : add usbx
2025-12-12 23:22:38,624 [FATAL] Updater:294 - Updater called before beeing initialized
2025-12-12 23:22:38,775 [FATAL] Updater:294 - Updater called before beeing initialized
2025-12-12 23:22:38,775 [INFO] DbMcusAds:47 - JSON generation date=Mon Dec 08 21:28:09 ICT 2025 (1765204089911)
2025-12-12 23:22:38,775 [FATAL] Updater:294 - Updater called before beeing initialized
2025-12-12 23:22:38,867 [WARN] DetailPanel:314 - Failed to get advertising image, set to default
2025-12-12 23:22:38,973 [FATAL] Updater:294 - Updater called before beeing initialized
2025-12-12 23:22:38,973 [FATAL] Updater:294 - Updater called before beeing initialized
2025-12-12 23:22:38,973 [FATAL] Updater:294 - Updater called before beeing initialized
2025-12-12 23:22:38,973 [WARN] DetailPanel:314 - Failed to get advertising image, set to default
2025-12-12 23:22:38,973 [FATAL] Updater:294 - Updater called before beeing initialized
2025-12-12 23:22:39,053 [ERROR] Updater:1075 - MainUpdater not yet initialized. External WinMGr cannot be set.
2025-12-12 23:22:39,053 [INFO] Updater:1012 - Updater Version found : 6.3.0
2025-12-12 23:22:39,069 [INFO] ApplicationProperties:181 - Using Application install path: G:\Study\ViXuLy\stm32cubeide_1.7.0\STM32CubeIDE\plugins\com.st.stm32cube.common.mx_6.3.0.202107141111
2025-12-12 23:22:39,808 [INFO] MainUpdater:2671 - connection check result : 10
2025-12-12 23:22:39,808 [INFO] MainUpdater:265 - Updater Check For Update Now.
2025-12-12 23:22:39,808 [INFO] MicroXplorer:478 - Change Database Version : DB.6.0.30
2025-12-12 23:22:39,976 [INFO] CheckServerUpdateThread:112 - End of CheckServer Thread
2025-12-12 23:22:40,038 [INFO] MainUpdater:2671 - connection check result : 10
2025-12-12 23:22:40,326 [INFO] McuFinderGlobals:52 - Set McuFinderConnectedMode to false
2025-12-12 23:22:40,445 [INFO] CrossSelectorPresenter:1330 - Cross Selector saved comparison directory: C:\Users\ATPHOME\.stmcufinder\plugins\mcufinder\mcu\cs_comparisons_mx
2025-12-12 23:22:40,461 [INFO] MultiScanPanel:197 - Auto-refresh data requested => check proxy status ongoing
2025-12-12 23:22:40,461 [INFO] MultiScanPanel:201 - Proxy status is invalid
2025-12-12 23:22:40,461 [INFO] FinderPluginLoader:87 - Searching for filters in installed packs
2025-12-12 23:22:40,461 [INFO] DbMcusXml:100 - Load MCU database from G:\Study\ViXuLy\stm32cubeide_1.7.0\STM32CubeIDE\plugins\com.st.stm32cube.common.mx_6.3.0.202107141111\\db\/mcu/families.xml
2025-12-12 23:22:40,830 [ERROR] Engine:463 - C:\Users\ATPHOME\.stm32cubemx\thirdparties\pdsc\STMicroelectronics.FP-SNS-MOTENVWB1.1.4.0.pdsc: PDSC version is not supported
2025-12-12 23:22:40,883 [WARN] PackLoader:238 - Cannot read IP mode file for STMicroelectronics.FP-ATR-ASTRA1.2.0.2
2025-12-12 23:22:40,883 [ERROR] Engine:463 - C:\Users\ATPHOME\.stm32cubemx\thirdparties\pdsc\STMicroelectronics.X-CUBE-SMBUS.2.1.0.pdsc: PDSC version is not supported
2025-12-12 23:22:40,883 [ERROR] Engine:463 - C:\Users\ATPHOME\.stm32cubemx\thirdparties\pdsc\STMicroelectronics.X-CUBE-ST60.1.0.0.pdsc: PDSC version is not supported
2025-12-12 23:22:40,930 [WARN] PackLoader:238 - Cannot read IP mode file for STMicroelectronics.X-CUBE-AZRTOS-F7.1.1.0
2025-12-12 23:22:40,930 [ERROR] Engine:463 - C:\Users\ATPHOME\.stm32cubemx\thirdparties\pdsc\Cesanta.I-CUBE-Mongoose.7.19.0.pdsc: PDSC version is not supported
2025-12-12 23:22:40,930 [ERROR] Engine:463 - C:\Users\ATPHOME\.stm32cubemx\thirdparties\pdsc\STMicroelectronics.FP-SNS-MOTENV1.5.1.0.pdsc: PDSC version is not supported
2025-12-12 23:22:40,946 [ERROR] Engine:463 - C:\Users\ATPHOME\.stm32cubemx\thirdparties\pdsc\WES.I-CUBE-Cesium.1.4.0.pdsc: PDSC version is not supported
2025-12-12 23:22:40,946 [ERROR] Engine:463 - C:\Users\ATPHOME\.stm32cubemx\thirdparties\pdsc\Infineon.AIROC-Wi-Fi-Bluetooth-STM32.1.7.1.pdsc: PDSC version is not supported
2025-12-12 23:22:40,991 [WARN] PackLoader:238 - Cannot read IP mode file for STMicroelectronics.X-CUBE-AZRTOS-H7.3.4.0
2025-12-12 23:22:41,007 [ERROR] Engine:463 - C:\Users\ATPHOME\.stm32cubemx\thirdparties\pdsc\STMicroelectronics.X-CUBE-DISPLAY.3.0.0.pdsc: PDSC version is not supported
2025-12-12 23:22:41,007 [WARN] PackLoader:238 - Cannot read IP mode file for STMicroelectronics.X-CUBE-NFC10.1.0.0
2025-12-12 23:22:41,023 [ERROR] Engine:463 - C:\Users\ATPHOME\.stm32cubemx\thirdparties\pdsc\STMicroelectronics.X-CUBE-ST60.1.1.0.pdsc: PDSC version is not supported
2025-12-12 23:22:41,023 [ERROR] Engine:463 - C:\Users\ATPHOME\.stm32cubemx\thirdparties\pdsc\emotas.I-CUBE-CANOPEN.1.3.0.pdsc: PDSC version is not supported
2025-12-12 23:22:41,030 [WARN] PackLoader:238 - Cannot read IP mode file for STMicroelectronics.X-CUBE-GNSS1.7.1.0
2025-12-12 23:22:41,030 [ERROR] Engine:463 - C:\Users\ATPHOME\.stm32cubemx\thirdparties\pdsc\STMicroelectronics.FP-SNS-STBOX1.2.1.0.pdsc: PDSC version is not supported
2025-12-12 23:22:41,030 [ERROR] Engine:463 - C:\Users\ATPHOME\.stm32cubemx\thirdparties\pdsc\STMicroelectronics.FP-SNS-SMARTAG2.1.2.0.pdsc: PDSC version is not supported
2025-12-12 23:22:41,046 [ERROR] Engine:463 - C:\Users\ATPHOME\.stm32cubemx\thirdparties\pdsc\STMicroelectronics.FP-SNS-FLIGHT1.5.1.0.pdsc: PDSC version is not supported
2025-12-12 23:22:41,061 [INFO] LogOutputStream:76 - [STDOUT_REDIRECT] 1 : Invalid condition id : UX_CORESTACK_Condition cause : null
2025-12-12 23:22:41,061 [INFO] LogOutputStream:76 - [STDOUT_REDIRECT] 1 : Invalid condition id : UX_CORESTACK_Condition cause : null
2025-12-12 23:22:41,061 [INFO] LogOutputStream:76 - [STDOUT_REDIRECT] 1 : Invalid condition id : UX_CORESTACK_Condition cause : null
2025-12-12 23:22:41,061 [INFO] LogOutputStream:76 - [STDOUT_REDIRECT] 1 : Invalid condition id : UX_CORESTACK_Condition cause : null
2025-12-12 23:22:41,061 [INFO] LogOutputStream:76 - [STDOUT_REDIRECT] 1 : Invalid condition id : UX_CORESTACK_Condition cause : null
2025-12-12 23:22:41,061 [WARN] PackLoader:238 - Cannot read IP mode file for STMicroelectronics.X-CUBE-AZRTOS-WL.2.0.0
2025-12-12 23:22:41,077 [ERROR] Engine:463 - C:\Users\ATPHOME\.stm32cubemx\thirdparties\pdsc\STMicroelectronics.FP-SNS-MOTENV1.5.0.0.pdsc: PDSC version is not supported
2025-12-12 23:22:41,108 [WARN] PackLoader:238 - Cannot read IP mode file for STMicroelectronics.X-CUBE-AZRTOS-H7RS.1.2.0
2025-12-12 23:22:41,124 [WARN] PackLoader:238 - Cannot read IP mode file for STMicroelectronics.X-CUBE-BLE2.3.3.0
2025-12-12 23:22:41,130 [ERROR] Engine:463 - C:\Users\ATPHOME\.stm32cubemx\thirdparties\pdsc\Avnet-IOTCONNECT.X-CUBE-iotc-st67-sdk.1.0.0.pdsc: PDSC version is not supported
2025-12-12 23:22:41,130 [WARN] PackLoader:238 - Cannot read IP mode file for STMicroelectronics.X-CUBE-NFC9.1.0.0
2025-12-12 23:22:41,146 [WARN] PackLoader:238 - Cannot read IP mode file for wolfSSL.I-CUBE-wolfSSL.5.8.2
2025-12-12 23:22:41,146 [WARN] PackLoader:238 - Cannot read IP mode file for STMicroelectronics.X-CUBE-BLE1.7.1.0
2025-12-12 23:22:41,162 [WARN] PackLoader:238 - Cannot read IP mode file for wolfSSL.I-CUBE-wolfMQTT.1.19.2
2025-12-12 23:22:41,162 [ERROR] Engine:463 - C:\Users\ATPHOME\.stm32cubemx\thirdparties\pdsc\STMicroelectronics.X-CUBE-FREERTOS.1.4.0.pdsc: PDSC version is not supported
2025-12-12 23:22:41,162 [WARN] PackLoader:238 - Cannot read IP mode file for STMicroelectronics.X-CUBE-EEPRMA1.5.2.0
2025-12-12 23:22:41,177 [ERROR] Engine:463 - C:\Users\ATPHOME\.stm32cubemx\thirdparties\pdsc\STMicroelectronics.X-CUBE-ST67W61.1.1.0.pdsc: PDSC version is not supported
2025-12-12 23:22:41,258 [WARN] PackLoader:238 - Cannot read IP mode file for STMicroelectronics.X-CUBE-MEMS1.12.0.0
2025-12-12 23:22:41,478 [INFO] DbMcusJson:93 - JSON generation date=Tue Nov 16 23:17:54 ICT 2021 (1637079474)
2025-12-12 23:22:41,509 [WARN] PackLoader:238 - Cannot read IP mode file for STMicroelectronics.X-CUBE-AZRTOS-G0.1.1.0
2025-12-12 23:22:41,538 [WARN] PackLoader:238 - Cannot read IP mode file for STMicroelectronics.X-CUBE-SAFEA1.1.2.2
2025-12-12 23:22:41,538 [WARN] PackLoader:238 - Cannot read IP mode file for STMicroelectronics.X-CUBE-NFC4.3.0.0
2025-12-12 23:22:41,538 [ERROR] Engine:463 - C:\Users\ATPHOME\.stm32cubemx\thirdparties\pdsc\EmbeddedOffice.I-CUBE-FS-RTOS.1.0.1.pdsc: PDSC version is not supported
2025-12-12 23:22:41,554 [WARN] PackLoader:238 - Cannot read IP mode file for STMicroelectronics.X-CUBE-WB05N.2.0.0
2025-12-12 23:22:41,554 [WARN] PackLoader:238 - Cannot read IP mode file for wolfSSL.I-CUBE-wolfTPM.3.8.0
2025-12-12 23:22:41,569 [ERROR] Engine:463 - C:\Users\ATPHOME\.stm32cubemx\thirdparties\pdsc\STMicroelectronics.X-CUBE-TCPP.4.2.0.pdsc: PDSC version is not supported
2025-12-12 23:22:41,569 [ERROR] Engine:463 - C:\Users\ATPHOME\.stm32cubemx\thirdparties\pdsc\RealThread.X-CUBE-RT-Thread_Nano.4.1.1.pdsc: PDSC version is not supported
2025-12-12 23:22:41,569 [WARN] PackLoader:238 - Cannot read IP mode file for STMicroelectronics.FP-ATR-SIGFOX1.3.2.0
2025-12-12 23:22:41,569 [ERROR] Engine:463 - C:\Users\ATPHOME\.stm32cubemx\thirdparties\pdsc\ITTIA_DB.I-CUBE-ITTIADB.8.9.0.pdsc: PDSC version is not supported
2025-12-12 23:22:41,569 [ERROR] Engine:463 - C:\Users\ATPHOME\.stm32cubemx\thirdparties\pdsc\STMicroelectronics.X-CUBE-ST67W61.1.0.0.pdsc: PDSC version is not supported
2025-12-12 23:22:41,585 [WARN] PackLoader:238 - Cannot read IP mode file for STMicroelectronics.X-CUBE-AI.10.2.0
2025-12-12 23:22:41,631 [WARN] PackLoader:238 - Cannot read IP mode file for SEGGER.I-CUBE-embOS.1.3.1
2025-12-12 23:22:41,678 [WARN] PackLoader:238 - Cannot read IP mode file for STMicroelectronics.X-CUBE-ALGOBUILD.1.4.0
2025-12-12 23:22:41,773 [WARN] PackLoader:238 - Cannot read IP mode file for STMicroelectronics.X-CUBE-MEMS1.11.3.0
2025-12-12 23:22:42,032 [WARN] PackLoader:238 - Cannot read IP mode file for STMicroelectronics.X-CUBE-PM33A1.1.0.0
2025-12-12 23:22:42,048 [WARN] PackLoader:238 - Cannot read IP mode file for STMicroelectronics.X-CUBE-AZRTOS-F4.1.1.0
2025-12-12 23:22:42,063 [WARN] PackLoader:238 - Cannot read IP mode file for STMicroelectronics.X-CUBE-ISPU.2.1.0
2025-12-12 23:22:42,079 [ERROR] Engine:463 - C:\Users\ATPHOME\.stm32cubemx\thirdparties\pdsc\STMicroelectronics.X-CUBE-IPS.3.2.0.pdsc: PDSC version is not supported
2025-12-12 23:22:42,079 [WARN] PackLoader:238 - Cannot read IP mode file for STMicroelectronics.X-CUBE-NFC12.1.0.0
2025-12-12 23:22:42,110 [WARN] PackLoader:238 - Cannot read IP mode file for STMicroelectronics.X-CUBE-AZRTOS-L5.2.0.0
2025-12-12 23:22:42,132 [WARN] PackLoader:238 - Cannot read IP mode file for STMicroelectronics.X-CUBE-NFC6.3.1.0
2025-12-12 23:22:42,132 [ERROR] Engine:463 - C:\Users\ATPHOME\.stm32cubemx\thirdparties\pdsc\STMicroelectronics.X-CUBE-FREERTOS.1.3.1.pdsc: PDSC version is not supported
2025-12-12 23:22:42,151 [WARN] PackLoader:238 - Cannot read IP mode file for STMicroelectronics.X-CUBE-TOUCHGFX.4.26.0
2025-12-12 23:22:42,153 [ERROR] Engine:463 - C:\Users\ATPHOME\.stm32cubemx\thirdparties\pdsc\STMicroelectronics.FP-SNS-STAIOTCFT.1.0.0.pdsc: PDSC version is not supported
2025-12-12 23:22:42,156 [ERROR] Engine:463 - C:\Users\ATPHOME\.stm32cubemx\thirdparties\pdsc\STMicroelectronics.X-CUBE-DPower.1.3.0.pdsc: PDSC version is not supported
2025-12-12 23:22:42,179 [WARN] ConditionMgr:437 - getConditionDescription Invalid condition id : LAN8742 Phy interface Condition cause : null
2025-12-12 23:22:42,179 [WARN] PackLoader:238 - Cannot read IP mode file for STMicroelectronics.X-CUBE-AZRTOS-L4.2.0.0
2025-12-12 23:22:42,179 [WARN] ConditionMgr:1038 - genDependencies : Invalid condition id : LAN8742 Phy interface Condition cause : null
2025-12-12 23:22:42,179 [WARN] ConditionMgr:1038 - genDependencies : Invalid condition id : LAN8742 Phy interface Condition cause : null
2025-12-12 23:22:42,179 [WARN] ConditionMgr:1038 - genDependencies : Invalid condition id : LAN8742 Phy interface Condition cause : null
2025-12-12 23:22:42,195 [WARN] PackLoader:238 - Cannot read IP mode file for STMicroelectronics.X-CUBE-SFXS2LP1.4.0.0
2025-12-12 23:22:42,211 [ERROR] Engine:463 - C:\Users\ATPHOME\.stm32cubemx\thirdparties\pdsc\STMicroelectronics.X-CUBE-BLEMGR.4.1.0.pdsc: PDSC version is not supported
2025-12-12 23:22:42,226 [WARN] ConditionMgr:437 - getConditionDescription Invalid condition id : UX DEVICE CLASS RTOS Condition cause : null
2025-12-12 23:22:42,232 [WARN] ConditionMgr:437 - getConditionDescription Invalid condition id : UX DEVICE CLASS RTOS Condition cause : null
2025-12-12 23:22:42,232 [WARN] PackLoader:238 - Cannot read IP mode file for STMicroelectronics.X-CUBE-AZRTOS-WB.2.0.0
2025-12-12 23:22:42,232 [WARN] ConditionMgr:1038 - genDependencies : Invalid condition id : UX DEVICE CLASS RTOS Condition cause : null
2025-12-12 23:22:42,232 [WARN] ConditionMgr:1038 - genDependencies : Invalid condition id : UX DEVICE CLASS RTOS Condition cause : null
2025-12-12 23:22:42,232 [WARN] ConditionMgr:1038 - genDependencies : Invalid condition id : UX DEVICE CLASS RTOS Condition cause : null
2025-12-12 23:22:42,232 [WARN] ConditionMgr:1038 - genDependencies : Invalid condition id : UX DEVICE CLASS RTOS Condition cause : null
2025-12-12 23:22:42,232 [WARN] ConditionMgr:1038 - genDependencies : Invalid condition id : UX DEVICE CLASS RTOS Condition cause : null
2025-12-12 23:22:42,232 [WARN] PackLoader:238 - Cannot read IP mode file for STMicroelectronics.X-CUBE-GNSS1.7.0.1
2025-12-12 23:22:42,232 [WARN] PackLoader:238 - Cannot read IP mode file for STMicroelectronics.X-CUBE-TOUCHGFX.4.25.0
2025-12-12 23:22:42,248 [ERROR] Engine:463 - C:\Users\ATPHOME\.stm32cubemx\thirdparties\pdsc\quantropi.X-CUBE-qispace-sdk-base.2.1.0.pdsc: PDSC version is not supported
2025-12-12 23:22:42,260 [WARN] PackLoader:238 - Cannot read IP mode file for STMicroelectronics.X-CUBE-SUBG2.5.0.0
2025-12-12 23:22:42,288 [INFO] DbMcus:175 - Found 1951 MCUs (1903 are supported by CubeMX, 1914 are visible in CubeMX)
2025-12-12 23:22:42,288 [WARN] PackLoader:238 - Cannot read IP mode file for STMicroelectronics.X-CUBE-AZRTOS-H7RS.1.1.0
2025-12-12 23:22:42,288 [INFO] ApiDb:251 - Load user favorites file C:\Users\ATPHOME/.stm32cubeide/favorites.mcus.txt: 0 item(s)
2025-12-12 23:22:42,288 [INFO] ApiDb:255 - User favorites MCUs=[]
2025-12-12 23:22:42,288 [INFO] DbMcus:187 - Set 0 / 0 favorites MCUs
2025-12-12 23:22:42,319 [WARN] PackLoader:238 - Cannot read IP mode file for STMicroelectronics.X-CUBE-AZRTOS-G4.2.0.0
2025-12-12 23:22:42,332 [WARN] PackLoader:238 - Cannot read IP mode file for wolfSSL.I-CUBE-wolfSSH.1.4.20
2025-12-12 23:22:42,332 [WARN] PackLoader:238 - Cannot read IP mode file for STMicroelectronics.X-CUBE-NFC7.2.0.0
2025-12-12 23:22:42,348 [ERROR] Engine:463 - C:\Users\ATPHOME\.stm32cubemx\thirdparties\pdsc\STMicroelectronics.X-CUBE-IPS.3.1.0.pdsc: PDSC version is not supported
2025-12-12 23:22:42,348 [ERROR] Engine:463 - C:\Users\ATPHOME\.stm32cubemx\thirdparties\pdsc\STMicroelectronics.X-CUBE-ALS.1.0.2.pdsc: PDSC version is not supported
2025-12-12 23:22:42,348 [WARN] PackLoader:238 - Cannot read IP mode file for STMicroelectronics.X-CUBE-STSE01.1.0.0
2025-12-12 23:22:42,364 [ERROR] Engine:463 - C:\Users\ATPHOME\.stm32cubemx\thirdparties\pdsc\STMicroelectronics.X-CUBE-TOF1.3.4.3.pdsc: PDSC version is not supported
2025-12-12 23:22:42,364 [INFO] ThirdParty:915 - Integrity check success = true
2025-12-12 23:22:42,364 [INFO] IntegrityCheckThread:94 - exiting critical section [integrity check]
2025-12-12 23:22:42,364 [INFO] IntegrityCheckThread:97 - End integrity checks thread
2025-12-12 23:22:42,965 [INFO] DetailPanel:309 - Set advertising image to C:/Users/ATPHOME/STM32Cube/Repository/\en.prom-st67w-expansion-board.png
2025-12-12 23:22:43,475 [INFO] DbBoardsPdsc:90 - Found 25 items
2025-12-12 23:22:43,475 [INFO] DbBoardsPdsc:90 - Found 9 items
2025-12-12 23:22:43,490 [INFO] DbBoardsPdsc:90 - Found 33 items
2025-12-12 23:22:43,506 [INFO] DbBoardsPdsc:90 - Found 1 items
2025-12-12 23:22:43,525 [INFO] DbBoardsPdsc:90 - Found 48 items
2025-12-12 23:22:43,531 [INFO] DbBoardsPdsc:90 - Found 43 items
2025-12-12 23:22:43,533 [INFO] DbBoardsPdsc:90 - Found 2 items
2025-12-12 23:22:43,535 [INFO] DbBoardsPdsc:90 - Found 5 items
2025-12-12 23:22:43,540 [WARN] DbBoardsPdsc:254 - Board STM32H7B3I-DK: unknown feature type=Audio, name=, username=Audio stereo codec with Headphone Amp (CS42L51-CNZ), n=1
2025-12-12 23:22:43,540 [WARN] DbBoardsPdsc:254 - Board STM32H735G-DK: unknown feature type=Audio, name=, username=Audio stereo codec with Headphone Amp (WM8994ECS/R), n=1
2025-12-12 23:22:43,542 [WARN] DbBoardsPdsc:254 - Board STM32H7B3I-EVAL: unknown feature type=Audio, name=, username=Multi-Channel Audio Codec (CS42L51-CNZ), n=1
2025-12-12 23:22:43,542 [WARN] DbBoardsPdsc:254 - Board STM32H7B3I-EVAL: unknown feature type=Meter, name=, username=Power-metering and Temperature-monitoring with sigma-delta modulators, n=1
2025-12-12 23:22:43,542 [WARN] DbBoardsPdsc:254 - Board STM32H7B3I-EVAL: unknown feature type=Motor, name=, username=Motor Control, n=1
2025-12-12 23:22:43,543 [WARN] DbBoardsPdsc:254 - Board STM32U575I-EV: unknown feature type=joystick, name=, username=4-direction joystick with selection button, n=1
2025-12-12 23:22:43,606 [INFO] DbBoardsJson:86 - JSON generation date=Tue Nov 16 23:17:54 ICT 2021 (1637079474)
2025-12-12 23:22:43,606 [INFO] DbBoards:117 - Found 167 boards (163 are supported by CubeMX)
2025-12-12 23:22:43,621 [INFO] DbBoardsDocs:143 - JSON generation date=Tue Nov 16 23:17:54 ICT 2021 (1637079474)
2025-12-12 23:22:43,637 [INFO] DbBoardsDocs:79 - Found 209 boards documents
2025-12-12 23:22:43,637 [WARN] DbBoards:127 - board B-L475E-IOT01A2 has no document id list !
2025-12-12 23:22:43,637 [WARN] DbBoards:127 - board NUCLEO-H743ZI has no document id list !
2025-12-12 23:22:43,637 [WARN] DbBoards:127 - board NUCLEO-WL55JC2 has no document id list !
2025-12-12 23:22:43,637 [WARN] DbBoards:127 - board P-NUCLEO-WB55-Nucleo has no document id list !
2025-12-12 23:22:43,637 [WARN] DbBoards:127 - board P-NUCLEO-WB55-USBDongle has no document id list !
2025-12-12 23:22:43,637 [WARN] DbBoards:127 - board STEVAL-BFA001V1B has no document id list !
2025-12-12 23:22:43,637 [WARN] DbBoards:127 - board STEVAL-BFA001V2B has no document id list !
2025-12-12 23:22:43,637 [WARN] DbBoards:127 - board STEVAL-IDP005V1 has no document id list !
2025-12-12 23:22:43,637 [WARN] DbBoards:127 - board STEVAL-IDP005V2 has no document id list !
2025-12-12 23:22:43,637 [WARN] DbBoards:127 - board STEVAL-MKSBOX1V1 has no document id list !
2025-12-12 23:22:43,637 [WARN] DbBoards:127 - board STEVAL-STWINKT1 has no document id list !
2025-12-12 23:22:43,637 [WARN] DbBoards:127 - board STEVAL-STWINKT1B has no document id list !
2025-12-12 23:22:43,637 [WARN] DbBoards:127 - board STM32439I-EVAL2 has no document id list !
2025-12-12 23:22:43,637 [WARN] DbBoards:127 - board STM32F401C-DISCO has no document id list !
2025-12-12 23:22:43,637 [WARN] DbBoards:127 - board STM32F769I-DISC1 has no document id list !
2025-12-12 23:22:43,637 [WARN] DbBoards:127 - board STM32G474E-EVAL1 has no document id list !
2025-12-12 23:22:43,637 [WARN] DbBoards:127 - board STM32H743I-EVAL2 has no document id list !
2025-12-12 23:22:43,637 [WARN] DbBoards:127 - board STM32H747I-DISC1 has no document id list !
2025-12-12 23:22:43,637 [WARN] DbBoards:127 - board STM32H753I-EVAL2 has no document id list !
2025-12-12 23:22:43,637 [WARN] DbBoards:127 - board STM32L-DISCOVERY has no document id list !
2025-12-12 23:22:43,838 [ERROR] DbBoards:189 - Image file not found for board B-U585I-IOT02A: G:\Study\ViXuLy\stm32cubeide_1.7.0\STM32CubeIDE\plugins\com.st.stm32cube.common.mx_6.3.0.202107141111\\db\/plugins/mcufinder/images/boards/B-U585I-IOT02A_small.jpg
2025-12-12 23:22:43,945 [ERROR] DbBoards:189 - Image file not found for board NUCLEO-F413ZH: G:\Study\ViXuLy\stm32cubeide_1.7.0\STM32CubeIDE\plugins\com.st.stm32cube.common.mx_6.3.0.202107141111\\db\/plugins/mcufinder/images/boards/nucleo-f413zh_small.jpg
2025-12-12 23:22:44,175 [ERROR] DbBoards:189 - Image file not found for board NUCLEO-L552ZE-Q: G:\Study\ViXuLy\stm32cubeide_1.7.0\STM32CubeIDE\plugins\com.st.stm32cube.common.mx_6.3.0.202107141111\\db\/plugins/mcufinder/images/boards/nucleo_l552ze_q_small.jpg
2025-12-12 23:22:44,175 [ERROR] DbBoards:189 - Image file not found for board NUCLEO-U575ZI-Q: G:\Study\ViXuLy\stm32cubeide_1.7.0\STM32CubeIDE\plugins\com.st.stm32cube.common.mx_6.3.0.202107141111\\db\/plugins/mcufinder/images/boards/nucleo-u575zi-q_small.jpg
2025-12-12 23:22:44,175 [ERROR] DbBoards:189 - Image file not found for board NUCLEO-WB15CC: G:\Study\ViXuLy\stm32cubeide_1.7.0\STM32CubeIDE\plugins\com.st.stm32cube.common.mx_6.3.0.202107141111\\db\/plugins/mcufinder/images/boards/nucleo-wb15cc_small.jpg
2025-12-12 23:22:44,175 [ERROR] DbBoards:189 - Image file not found for board NUCLEO-WB55RG: G:\Study\ViXuLy\stm32cubeide_1.7.0\STM32CubeIDE\plugins\com.st.stm32cube.common.mx_6.3.0.202107141111\\db\/plugins/mcufinder/images/boards/nucleo-wb55rg_small.jpg
2025-12-12 23:22:45,506 [INFO] ApiDb:251 - Load user favorites file C:\Users\ATPHOME/.stm32cubeide/favorites.boards.txt: 0 item(s)
2025-12-12 23:22:45,506 [INFO] ApiDb:255 - User favorites Boards=[]
2025-12-12 23:22:45,506 [INFO] DbBoards:206 - Set 0 / 0 favorites Boards
2025-12-12 23:23:27,568 [INFO] MainUpdater:2671 - connection check result : 10
2025-12-12 23:23:27,568 [INFO] MainUpdater:2671 - connection check result : 10
2025-12-12 23:23:27,622 [INFO] MicroXplorer:448 - Change Database Path : 
2025-12-12 23:23:27,622 [INFO] MicroXplorer:478 - Change Database Version : DB.6.0.30
2025-12-12 23:23:27,622 [WARN] ThirdParty:813 - waiting for thirdparty lock release [close project]
2025-12-12 23:23:27,622 [INFO] ThirdParty:815 - entering critical section [close project]
2025-12-12 23:23:27,624 [INFO] ThirdParty:825 - exiting critical section [close project]
2025-12-12 23:23:27,628 [INFO] PinOutPanel:1463 - setPackage(No Configuration,No Configuration)
2025-12-12 23:23:27,629 [INFO] UtilMem:74 - Begin LoadConfig() Used Memory: 935537112 Bytes (1073741824)
2025-12-12 23:23:27,631 [INFO] MicroXplorer:448 - Change Database Path : 
2025-12-12 23:23:27,631 [INFO] MicroXplorer:478 - Change Database Version : DB.6.0.30
2025-12-12 23:23:27,631 [INFO] OpenFileManager:313 - Change cursor
2025-12-12 23:23:28,461 [INFO] Context:592 - Trying to add GPIOservice into a context  which must be forbidden
2025-12-12 23:23:28,711 [WARN] ApiManager:304 - Cannot register API 'Board Extension:PM33A1' from pack STMicroelectronics.X-CUBE-PM33A1.1.0.0: no header file found
2025-12-12 23:23:28,711 [WARN] ApiManager:304 - Cannot register API 'Board Extension:NFC09A1' from pack STMicroelectronics.X-CUBE-NFC9.1.0.0: no header file found
2025-12-12 23:23:28,711 [WARN] ApiManager:304 - Cannot register API 'Wireless:BlueNRG-MS' from pack STMicroelectronics.X-CUBE-BLE1.7.1.0: no header file found
2025-12-12 23:23:28,727 [WARN] ApiManager:304 - Cannot register API 'Board Extension:EEPRMA2' from pack STMicroelectronics.X-CUBE-EEPRMA1.5.2.0: no header file found
2025-12-12 23:23:28,727 [WARN] ApiManager:304 - Cannot register API 'Board Extension:PGEEZ1' from pack STMicroelectronics.X-CUBE-EEPRMA1.5.2.0: no header file found
2025-12-12 23:23:28,727 [WARN] ApiManager:304 - Cannot register API 'Board Extension:EEICA1' from pack STMicroelectronics.X-CUBE-EEPRMA1.5.2.0: no header file found
2025-12-12 23:23:28,727 [WARN] ApiManager:304 - Cannot register API 'Board Part:M24' from pack STMicroelectronics.X-CUBE-EEPRMA1.5.2.0: no header file found
2025-12-12 23:23:28,727 [WARN] ApiManager:304 - Cannot register API 'Board Part:M95' from pack STMicroelectronics.X-CUBE-EEPRMA1.5.2.0: no header file found
2025-12-12 23:23:28,727 [WARN] ApiManager:304 - Cannot register API 'Board Part:M95P32' from pack STMicroelectronics.X-CUBE-EEPRMA1.5.2.0: no header file found
2025-12-12 23:23:28,727 [WARN] ApiManager:304 - Cannot register API 'Board Part:M24256E-F' from pack STMicroelectronics.X-CUBE-EEPRMA1.5.2.0: no header file found
2025-12-12 23:23:28,727 [WARN] ApiManager:304 - Cannot register API 'Board Part:M24M01E-F' from pack STMicroelectronics.X-CUBE-EEPRMA1.5.2.0: no header file found
2025-12-12 23:23:28,727 [WARN] ApiManager:304 - Cannot register API 'PGEEZ1:SPI' from pack STMicroelectronics.X-CUBE-EEPRMA1.5.2.0: no header file found
2025-12-12 23:23:28,727 [WARN] ApiManager:304 - Cannot register API 'PGEEZ1:QDSPI' from pack STMicroelectronics.X-CUBE-EEPRMA1.5.2.0: no header file found
2025-12-12 23:23:28,727 [WARN] ApiManager:304 - Cannot register API 'Board Extension:GNSS1A1' from pack STMicroelectronics.X-CUBE-GNSS1.7.0.1: no header file found
2025-12-12 23:23:28,727 [WARN] ApiManager:304 - Cannot register API 'Board Support:Custom' from pack STMicroelectronics.X-CUBE-GNSS1.7.0.1: no header file found
2025-12-12 23:23:28,727 [WARN] ApiManager:304 - Cannot register API 'Data Exchange:lib_gnss' from pack STMicroelectronics.X-CUBE-GNSS1.7.0.1: no header file found
2025-12-12 23:23:28,727 [WARN] ApiManager:304 - Cannot register API 'Board Extension:NFC12A1' from pack STMicroelectronics.X-CUBE-NFC12.1.0.0: no header file found
2025-12-12 23:23:28,743 [WARN] ApiManager:304 - Cannot register API 'Board Extension:NFC06A1' from pack STMicroelectronics.X-CUBE-NFC6.3.1.0: no header file found
2025-12-12 23:23:28,743 [WARN] ApiManager:304 - Cannot register API 'Board Extension:NFC08A1' from pack STMicroelectronics.X-CUBE-NFC6.3.1.0: no header file found
2025-12-12 23:23:28,904 [WARN] ApiManager:304 - Cannot register API 'Board Extension:IKS02A1' from pack STMicroelectronics.X-CUBE-MEMS1.12.0.0: no header file found
2025-12-12 23:23:28,904 [WARN] ApiManager:304 - Cannot register API 'Board Extension:IKS4A1' from pack STMicroelectronics.X-CUBE-MEMS1.12.0.0: no header file found
2025-12-12 23:23:28,904 [WARN] ApiManager:304 - Cannot register API 'Board Extension:IKS5A1' from pack STMicroelectronics.X-CUBE-MEMS1.12.0.0: no header file found
2025-12-12 23:23:28,913 [INFO] RtosManager:484 - Registered RTOS mode: class=CMSIS, group=RTOS, mode=CMSIS_V1, owner=FREERTOS
2025-12-12 23:23:28,913 [INFO] RtosManager:484 - Registered RTOS mode: class=CMSIS, group=RTOS2, mode=CMSIS_V2, owner=FREERTOS
2025-12-12 23:23:28,913 [INFO] RtosManager:484 - Registered RTOS mode: class=RTOS, group=Core, mode=CMSIS_V1, owner=FREERTOS
2025-12-12 23:23:28,913 [INFO] RtosManager:484 - Registered RTOS mode: class=RTOS, group=Core, mode=CMSIS_V2, owner=FREERTOS
2025-12-12 23:23:28,913 [WARN] ModelIntegratedComponent:181 - Missing modes for component STMicroelectronics:FreeRTOS:0.0.1:STMicroelectronics:RTOS:FreeRTOS:Core:::10.2.0:
2025-12-12 23:23:28,929 [WARN] ApiManager:304 - Cannot register API 'Board Extension:STSAFEA1' from pack STMicroelectronics.X-CUBE-SAFEA1.1.2.2: no header file found
2025-12-12 23:23:28,929 [WARN] ApiManager:304 - Cannot register API 'Board Part:STSAFEA110' from pack STMicroelectronics.X-CUBE-SAFEA1.1.2.2: no header file found
2025-12-12 23:23:28,929 [WARN] ApiManager:304 - Cannot register API 'Security:ST_Cryptolib' from pack STMicroelectronics.X-CUBE-SAFEA1.1.2.2: no header file found
2025-12-12 23:23:28,929 [WARN] ApiManager:304 - Cannot register API 'Security:MbedTLS' from pack STMicroelectronics.X-CUBE-SAFEA1.1.2.2: no header file found
2025-12-12 23:23:28,929 [WARN] ApiManager:304 - Cannot register API 'Board Extension:NFC04A1' from pack STMicroelectronics.X-CUBE-NFC4.3.0.0: no header file found
2025-12-12 23:23:28,929 [WARN] ApiManager:304 - Cannot register API 'Board Extension:S2868A1' from pack STMicroelectronics.X-CUBE-SUBG2.5.0.0: no header file found
2025-12-12 23:23:28,929 [WARN] ApiManager:304 - Cannot register API 'Board Extension:S2868A2' from pack STMicroelectronics.X-CUBE-SUBG2.5.0.0: no header file found
2025-12-12 23:23:28,929 [WARN] ApiManager:304 - Cannot register API 'Board Extension:S2915A1' from pack STMicroelectronics.X-CUBE-SUBG2.5.0.0: no header file found
2025-12-12 23:23:28,929 [WARN] ApiManager:304 - Cannot register API 'Wireless:STM32WB05N' from pack STMicroelectronics.X-CUBE-WB05N.2.0.0: no header file found
2025-12-12 23:23:28,929 [WARN] ApiManager:304 - Cannot register API 'Board Extension:NFC07A1' from pack STMicroelectronics.X-CUBE-NFC7.2.0.0: no header file found
2025-12-12 23:23:28,929 [WARN] ApiManager:304 - Cannot register API 'Board Extension:NFC10A1' from pack STMicroelectronics.X-CUBE-NFC10.1.0.0: no header file found
2025-12-12 23:23:28,945 [WARN] ModelIntegratedComponent:60 - No mode defined for component null
2025-12-12 23:23:28,945 [WARN] ModelIntegratedComponent:60 - No mode defined for component null
2025-12-12 23:23:28,945 [WARN] ModelIntegratedComponent:60 - No mode defined for component null
2025-12-12 23:23:28,945 [WARN] ModelIntegratedComponent:60 - No mode defined for component null
2025-12-12 23:23:28,945 [WARN] ModelIntegratedComponent:60 - No mode defined for component null
2025-12-12 23:23:28,945 [WARN] ModelIntegratedComponent:60 - No mode defined for component null
2025-12-12 23:23:28,945 [WARN] ModelIntegratedComponent:60 - No mode defined for component null
2025-12-12 23:23:28,945 [WARN] ModelIntegratedComponent:60 - No mode defined for component null
2025-12-12 23:23:28,945 [WARN] ModelIntegratedComponent:60 - No mode defined for component null
2025-12-12 23:23:28,945 [WARN] ModelIntegratedComponent:60 - No mode defined for component null
2025-12-12 23:23:28,945 [WARN] ModelIntegratedComponent:60 - No mode defined for component null
2025-12-12 23:23:28,945 [WARN] ModelIntegratedComponent:60 - No mode defined for component null
2025-12-12 23:23:28,945 [WARN] ModelIntegratedComponent:60 - No mode defined for component null
2025-12-12 23:23:28,945 [WARN] ModelIntegratedComponent:60 - No mode defined for component null
2025-12-12 23:23:28,945 [WARN] ModelIntegratedComponent:60 - No mode defined for component null
2025-12-12 23:23:28,945 [WARN] ModelIntegratedComponent:60 - No mode defined for component null
2025-12-12 23:23:28,945 [WARN] ModelIntegratedComponent:60 - No mode defined for component null
2025-12-12 23:23:28,945 [WARN] ModelIntegratedComponent:60 - No mode defined for component null
2025-12-12 23:23:28,945 [WARN] ModelIntegratedComponent:60 - No mode defined for component null
2025-12-12 23:23:28,945 [WARN] ModelIntegratedComponent:60 - No mode defined for component null
2025-12-12 23:23:28,945 [WARN] ModelIntegratedComponent:60 - No mode defined for component null
2025-12-12 23:23:28,945 [WARN] ModelIntegratedComponent:60 - No mode defined for component null
2025-12-12 23:23:28,945 [WARN] ModelIntegratedComponent:60 - No mode defined for component null
2025-12-12 23:23:28,945 [WARN] ModelIntegratedComponent:60 - No mode defined for component null
2025-12-12 23:23:28,945 [WARN] ModelIntegratedComponent:60 - No mode defined for component null
2025-12-12 23:23:28,945 [WARN] ModelIntegratedComponent:60 - No mode defined for component null
2025-12-12 23:23:28,945 [WARN] ModelIntegratedComponent:60 - No mode defined for component null
2025-12-12 23:23:28,945 [WARN] ModelIntegratedComponent:60 - No mode defined for component null
2025-12-12 23:23:28,945 [WARN] ModelIntegratedComponent:60 - No mode defined for component null
2025-12-12 23:23:28,945 [WARN] ModelIntegratedComponent:60 - No mode defined for component null
2025-12-12 23:23:28,945 [WARN] ModelIntegratedComponent:60 - No mode defined for component null
2025-12-12 23:23:28,945 [WARN] ApiManager:304 - Cannot register API 'Board Extension:GNSS1A1' from pack STMicroelectronics.X-CUBE-GNSS1.7.1.0: no header file found
2025-12-12 23:23:28,945 [WARN] ApiManager:304 - Cannot register API 'Board Support:Custom' from pack STMicroelectronics.X-CUBE-GNSS1.7.1.0: no header file found
2025-12-12 23:23:28,945 [WARN] ApiManager:304 - Cannot register API 'Data Exchange:lib_gnss' from pack STMicroelectronics.X-CUBE-GNSS1.7.1.0: no header file found
2025-12-12 23:23:28,945 [WARN] ApiManager:304 - Cannot register API 'Board Extension:SAFEA1' from pack STMicroelectronics.X-CUBE-STSE01.1.0.0: no header file found
2025-12-12 23:23:28,945 [WARN] ApiManager:304 - Cannot register API 'Board Extension:ESE01A1' from pack STMicroelectronics.X-CUBE-STSE01.1.0.0: no header file found
2025-12-12 23:23:28,945 [WARN] ApiManager:304 - Cannot register API 'Board Part:STSAFEA110' from pack STMicroelectronics.X-CUBE-STSE01.1.0.0: no header file found
2025-12-12 23:23:28,945 [WARN] ApiManager:304 - Cannot register API 'Board Part:STSAFEA120' from pack STMicroelectronics.X-CUBE-STSE01.1.0.0: no header file found
2025-12-12 23:23:28,945 [WARN] ApiManager:304 - Cannot register API 'Security:STM32_Cryptographic' from pack STMicroelectronics.X-CUBE-STSE01.1.0.0: no header file found
2025-12-12 23:23:28,945 [WARN] ApiManager:304 - Cannot register API 'Security:STSELib' from pack STMicroelectronics.X-CUBE-STSE01.1.0.0: no header file found
2025-12-12 23:23:29,300 [WARN] ApiManager:304 - Cannot register API 'Board Extension:IKS01A3' from pack STMicroelectronics.X-CUBE-MEMS1.11.3.0: no header file found
2025-12-12 23:23:29,300 [WARN] ApiManager:304 - Cannot register API 'Board Extension:IKS02A1' from pack STMicroelectronics.X-CUBE-MEMS1.11.3.0: no header file found
2025-12-12 23:23:29,300 [WARN] ApiManager:304 - Cannot register API 'Board Extension:IKS4A1' from pack STMicroelectronics.X-CUBE-MEMS1.11.3.0: no header file found
2025-12-12 23:23:29,310 [WARN] ApiManager:304 - Cannot register API 'Board Extension:S2868A1' from pack STMicroelectronics.X-CUBE-SFXS2LP1.4.0.0: no header file found
2025-12-12 23:23:29,310 [WARN] ApiManager:304 - Cannot register API 'Board Extension:S2868A2' from pack STMicroelectronics.X-CUBE-SFXS2LP1.4.0.0: no header file found
2025-12-12 23:23:29,310 [WARN] ApiManager:304 - Cannot register API 'Board Extension:S2915A1' from pack STMicroelectronics.X-CUBE-SFXS2LP1.4.0.0: no header file found
2025-12-12 23:23:29,310 [WARN] ApiManager:304 - Cannot register API 'Wireless:BlueNRG-2' from pack STMicroelectronics.X-CUBE-BLE2.3.3.0: no header file found
2025-12-12 23:23:33,601 [INFO] UtilMem:74 - End LoadConfig() Used Memory: 951131152 Bytes (1073741824)
2025-12-12 23:23:33,601 [WARN] ThirdParty:779 - waiting for thirdparty lock release [change project]
2025-12-12 23:23:33,601 [INFO] ThirdParty:781 - entering critical section [change project]
2025-12-12 23:23:33,601 [INFO] ThirdParty:967 - CMSIS Pack Vendor :STMicroelectronics X-CUBE-PM33A1 1.0.0
2025-12-12 23:23:33,601 [INFO] ThirdParty:967 - CMSIS Pack Vendor :STMicroelectronics X-CUBE-NFC9 1.0.0
2025-12-12 23:23:33,601 [INFO] ThirdParty:967 - CMSIS Pack Vendor :STMicroelectronics USB_HOST 2.0.0
2025-12-12 23:23:33,601 [INFO] ThirdParty:967 - CMSIS Pack Vendor :STMicroelectronics X-CUBE-AZRTOS-F4 1.1.0
2025-12-12 23:23:33,601 [INFO] ThirdParty:967 - CMSIS Pack Vendor :STMicroelectronics FP-ATR-ASTRA1 2.0.2
2025-12-12 23:23:33,601 [INFO] ThirdParty:967 - CMSIS Pack Vendor :wolfSSL I-CUBE-wolfSSL 5.8.2
2025-12-12 23:23:33,601 [INFO] ThirdParty:967 - CMSIS Pack Vendor :STMicroelectronics X-CUBE-BLE1 7.1.0
2025-12-12 23:23:33,601 [INFO] ThirdParty:967 - CMSIS Pack Vendor :wolfSSL I-CUBE-wolfMQTT 1.19.2
2025-12-12 23:23:33,601 [INFO] ThirdParty:967 - CMSIS Pack Vendor :STMicroelectronics USB_DEVICE 3.0.0
2025-12-12 23:23:33,601 [INFO] ThirdParty:967 - CMSIS Pack Vendor :STMicroelectronics X-CUBE-ISPU 2.1.0
2025-12-12 23:23:33,601 [INFO] ThirdParty:967 - CMSIS Pack Vendor :STMicroelectronics X-CUBE-EEPRMA1 5.2.0
2025-12-12 23:23:33,601 [INFO] ThirdParty:967 - CMSIS Pack Vendor :STMicroelectronics X-CUBE-AZRTOS-WB 2.0.0
2025-12-12 23:23:33,601 [INFO] ThirdParty:967 - CMSIS Pack Vendor :STMicroelectronics X-CUBE-GNSS1 7.0.1
2025-12-12 23:23:33,601 [INFO] ThirdParty:967 - CMSIS Pack Vendor :STMicroelectronics X-CUBE-NFC12 1.0.0
2025-12-12 23:23:33,601 [INFO] ThirdParty:967 - CMSIS Pack Vendor :STMicroelectronics X-CUBE-AZRTOS-F7 1.1.0
2025-12-12 23:23:33,601 [INFO] ThirdParty:967 - CMSIS Pack Vendor :STMicroelectronics X-CUBE-AZRTOS-L5 2.0.0
2025-12-12 23:23:33,601 [INFO] ThirdParty:967 - CMSIS Pack Vendor :STMicroelectronics X-CUBE-TOUCHGFX 4.25.0
2025-12-12 23:23:33,601 [INFO] ThirdParty:967 - CMSIS Pack Vendor :STMicroelectronics USB_DEVICE 2.0.0
2025-12-12 23:23:33,601 [INFO] ThirdParty:967 - CMSIS Pack Vendor :STMicroelectronics X-CUBE-NFC6 3.1.0
2025-12-12 23:23:33,601 [INFO] ThirdParty:967 - CMSIS Pack Vendor :STMicroelectronics X-CUBE-MEMS1 12.0.0
2025-12-12 23:23:33,601 [INFO] ThirdParty:967 - CMSIS Pack Vendor :STMicroelectronics FreeRTOS 0.0.1
2025-12-12 23:23:33,601 [INFO] ThirdParty:967 - CMSIS Pack Vendor :STMicroelectronics X-CUBE-AZRTOS-G0 1.1.0
2025-12-12 23:23:33,601 [INFO] ThirdParty:967 - CMSIS Pack Vendor :STMicroelectronics X-CUBE-SAFEA1 1.2.2
2025-12-12 23:23:33,601 [INFO] ThirdParty:967 - CMSIS Pack Vendor :STMicroelectronics X-CUBE-NFC4 3.0.0
2025-12-12 23:23:33,601 [INFO] ThirdParty:967 - CMSIS Pack Vendor :STMicroelectronics X-CUBE-SUBG2 5.0.0
2025-12-12 23:23:33,601 [INFO] ThirdParty:967 - CMSIS Pack Vendor :STMicroelectronics X-CUBE-AZRTOS-H7RS 1.1.0
2025-12-12 23:23:33,601 [INFO] ThirdParty:967 - CMSIS Pack Vendor :STMicroelectronics lwIP 2.0.3
2025-12-12 23:23:33,601 [INFO] ThirdParty:967 - CMSIS Pack Vendor :STMicroelectronics USB_HOST 1.0.0
2025-12-12 23:23:33,601 [INFO] ThirdParty:967 - CMSIS Pack Vendor :STMicroelectronics X-CUBE-AZRTOS-G4 2.0.0
2025-12-12 23:23:33,601 [INFO] ThirdParty:967 - CMSIS Pack Vendor :STMicroelectronics X-CUBE-WB05N 2.0.0
2025-12-12 23:23:33,601 [INFO] ThirdParty:967 - CMSIS Pack Vendor :STMicroelectronics PDM2PCM 3.1.0
2025-12-12 23:23:33,601 [INFO] ThirdParty:967 - CMSIS Pack Vendor :STMicroelectronics PDM2PCM 3.3.0
2025-12-12 23:23:33,601 [INFO] ThirdParty:967 - CMSIS Pack Vendor :wolfSSL I-CUBE-wolfTPM 3.8.0
2025-12-12 23:23:33,601 [INFO] ThirdParty:967 - CMSIS Pack Vendor :STMicroelectronics X-CUBE-AZRTOS-H7 3.4.0
2025-12-12 23:23:33,601 [INFO] ThirdParty:967 - CMSIS Pack Vendor :wolfSSL I-CUBE-wolfSSH 1.4.20
2025-12-12 23:23:33,601 [INFO] ThirdParty:967 - CMSIS Pack Vendor :STMicroelectronics X-CUBE-NFC7 2.0.0
2025-12-12 23:23:33,601 [INFO] ThirdParty:967 - CMSIS Pack Vendor :STMicroelectronics FP-ATR-SIGFOX1 3.2.0
2025-12-12 23:23:33,601 [INFO] ThirdParty:967 - CMSIS Pack Vendor :STMicroelectronics X-CUBE-NFC10 1.0.0
2025-12-12 23:23:33,601 [INFO] ThirdParty:967 - CMSIS Pack Vendor :STMicroelectronics HAL Drivers 0.0.0
2025-12-12 23:23:33,601 [INFO] ThirdParty:967 - CMSIS Pack Vendor :STMicroelectronics MBEDTLS 2.16.2
2025-12-12 23:23:33,601 [INFO] ThirdParty:967 - CMSIS Pack Vendor :STMicroelectronics MBEDTLS 2.14.1
2025-12-12 23:23:33,616 [INFO] ThirdParty:967 - CMSIS Pack Vendor :STMicroelectronics X-CUBE-GNSS1 7.1.0
2025-12-12 23:23:33,616 [INFO] ThirdParty:967 - CMSIS Pack Vendor :STMicroelectronics X-CUBE-TOUCHGFX 4.26.0
2025-12-12 23:23:33,616 [INFO] ThirdParty:967 - CMSIS Pack Vendor :STMicroelectronics X-CUBE-STSE01 1.0.0
2025-12-12 23:23:33,616 [INFO] ThirdParty:967 - CMSIS Pack Vendor :STMicroelectronics X-CUBE-AI 10.2.0
2025-12-12 23:23:33,616 [INFO] ThirdParty:967 - CMSIS Pack Vendor :STMicroelectronics X-CUBE-AZRTOS-WL 2.0.0
2025-12-12 23:23:33,616 [INFO] ThirdParty:967 - CMSIS Pack Vendor :SEGGER I-CUBE-embOS 1.3.1
2025-12-12 23:23:33,616 [INFO] ThirdParty:967 - CMSIS Pack Vendor :STMicroelectronics X-CUBE-ALGOBUILD 1.4.0
2025-12-12 23:23:33,616 [INFO] ThirdParty:967 - CMSIS Pack Vendor :STMicroelectronics X-CUBE-MEMS1 11.3.0
2025-12-12 23:23:33,616 [INFO] ThirdParty:967 - CMSIS Pack Vendor :STMicroelectronics USB_DEVICE 1.0.0
2025-12-12 23:23:33,616 [INFO] ThirdParty:967 - CMSIS Pack Vendor :STMicroelectronics X-CUBE-AZRTOS-H7RS 1.2.0
2025-12-12 23:23:33,616 [INFO] ThirdParty:967 - CMSIS Pack Vendor :STMicroelectronics X-CUBE-AZRTOS-L4 2.0.0
2025-12-12 23:23:33,616 [INFO] ThirdParty:967 - CMSIS Pack Vendor :STMicroelectronics ThreadX 0.0.2
2025-12-12 23:23:33,616 [INFO] ThirdParty:967 - CMSIS Pack Vendor :STMicroelectronics lwIP 2.1.2
2025-12-12 23:23:33,616 [INFO] ThirdParty:967 - CMSIS Pack Vendor :STMicroelectronics X-CUBE-SFXS2LP1 4.0.0
2025-12-12 23:23:33,616 [INFO] ThirdParty:967 - CMSIS Pack Vendor :STMicroelectronics X-CUBE-BLE2 3.3.0
2025-12-12 23:23:33,616 [INFO] ThirdParty:967 - CMSIS Pack Vendor :STMicroelectronics PDM2PCM 3.2.0
2025-12-12 23:23:33,616 [INFO] ThirdParty:787 - exiting critical section [change project]
2025-12-12 23:23:33,917 [INFO] PinOutPanel:1463 - setPackage(No Configuration,No Configuration)
2025-12-12 23:23:33,917 [INFO] PinOutPanel:1463 - setPackage(STM32F103C6Ux,UFQFPN48)
2025-12-12 23:23:34,318 [INFO] UtilMem:74 - Before build in PCC Used Memory: 883798696 Bytes (1073741824)
2025-12-12 23:23:35,050 [INFO] UtilMem:74 - After build in PCC Used Memory: 891432040 Bytes (1073741824)
2025-12-12 23:23:35,069 [INFO] IPUIPlugin:74 - create IPUIPlugin
2025-12-12 23:23:35,069 [INFO] IPUIPlugin:74 - create IPUIPlugin
2025-12-12 23:23:35,069 [INFO] IPUIPlugin:74 - create IPUIPlugin
2025-12-12 23:23:35,069 [INFO] IPUIPlugin:74 - create IPUIPlugin
2025-12-12 23:23:35,069 [INFO] IPUIPlugin:74 - create IPUIPlugin
2025-12-12 23:23:35,069 [INFO] IPUIPlugin:74 - create IPUIPlugin
2025-12-12 23:23:35,069 [INFO] IPUIPlugin:74 - create IPUIPlugin
2025-12-12 23:23:35,069 [INFO] IPUIPlugin:74 - create IPUIPlugin
2025-12-12 23:23:35,069 [INFO] IPUIPlugin:74 - create IPUIPlugin
2025-12-12 23:23:35,069 [INFO] IPUIPlugin:74 - create IPUIPlugin
2025-12-12 23:23:35,069 [INFO] IPUIPlugin:74 - create IPUIPlugin
2025-12-12 23:23:35,069 [INFO] IPUIPlugin:74 - create IPUIPlugin
2025-12-12 23:23:35,069 [INFO] IPUIPlugin:74 - create IPUIPlugin
2025-12-12 23:23:35,069 [INFO] IPUIPlugin:74 - create IPUIPlugin
2025-12-12 23:23:35,069 [INFO] IPUIPlugin:74 - create IPUIPlugin
2025-12-12 23:23:35,069 [INFO] IPUIPlugin:74 - create IPUIPlugin
2025-12-12 23:23:35,069 [INFO] IPUIPlugin:74 - create IPUIPlugin
2025-12-12 23:23:35,069 [INFO] IPUIPlugin:74 - create IPUIPlugin
2025-12-12 23:23:35,069 [INFO] IPUIPlugin:74 - create IPUIPlugin
2025-12-12 23:23:35,069 [INFO] IPUIPlugin:74 - create IPUIPlugin
2025-12-12 23:23:35,069 [INFO] IPUIPlugin:74 - create IPUIPlugin
2025-12-12 23:23:35,069 [INFO] IPUIPlugin:74 - create IPUIPlugin
2025-12-12 23:23:35,069 [INFO] IPUIPlugin:74 - create IPUIPlugin
2025-12-12 23:23:35,195 [INFO] OpenFileManager:333 - Restore cursor
2025-12-12 23:23:35,481 [INFO] UtilMem:74 - End SaveConfig() Used Memory: 901549920 Bytes (1073741824)
2025-12-12 23:23:38,246 [ERROR] FileExtend:450 - File entry not found
2025-12-12 23:23:38,246 [INFO] FileExtend:235 - Unzip File : stm32cube_fw_f1_v180.zip
2025-12-12 23:23:38,246 [INFO] FileExtend:250 - Standard Zip Deflate
2025-12-12 23:23:57,921 [INFO] ServerAccessManage:362 - Download File stm32cube_fw_f1_v184.zip
2025-12-12 23:24:02,029 [INFO] FileExtend:235 - Unzip File : stm32cube_fw_f1_v184.zip
2025-12-12 23:24:02,029 [INFO] FileExtend:250 - Standard Zip Deflate
2025-12-12 23:24:09,673 [INFO] LoadServerPackagesThread:180 - End of LoadServerPackages Thread
2025-12-12 23:24:09,917 [INFO] UtilMem:74 - End SaveConfig() Used Memory: 961153864 Bytes (1073741824)
2025-12-12 23:24:10,398 [INFO] BlockDiagram:2740 - set Specific Code input for plugin: NVIC
2025-12-12 23:24:10,398 [INFO] BlockDiagram:2740 - set Specific Code input for plugin: SYS
2025-12-12 23:24:10,398 [INFO] BlockDiagram:2740 - set Specific Code input for plugin: GPIO
2025-12-12 23:24:10,398 [INFO] BlockDiagram:2740 - set Specific Code input for plugin: USART
2025-12-12 23:24:10,398 [INFO] BlockDiagram:2740 - set Specific Code input for plugin: RCC
2025-12-12 23:24:10,398 [INFO] BlockDiagram:2740 - set Specific Code input for plugin: TIM1_8F1
2025-12-12 23:24:10,398 [INFO] BlockDiagram:2740 - set Specific Code input for plugin: TIM1_8F1
2025-12-12 23:24:10,398 [INFO] CodeGenerator:663 - code generatio: config db path: G:\Study\ViXuLy\stm32cubeide_1.7.0\STM32CubeIDE\plugins\com.st.stm32cube.common.mx_6.3.0.202107141111\\db\
2025-12-12 23:24:10,829 [INFO] CodeEngine:239 - oldGeneratedFile, C:\Users\ATPHOME\Desktop\VXL\VXL-1652026-Assignment\Assignment\MXTmpFiles\license.tmp_save
2025-12-12 23:24:11,383 [INFO] CodeEngine:257 - Generated code: C:\Users\ATPHOME\Desktop\VXL\VXL-1652026-Assignment\Assignment\MXTmpFiles\license.tmp
2025-12-12 23:24:11,569 [INFO] CodeEngine:239 - oldGeneratedFile, C:\Users\ATPHOME\Desktop\VXL\VXL-1652026-Assignment\Assignment\MXTmpFiles\gpio.tmp_save
2025-12-12 23:24:11,694 [INFO] CodeEngine:257 - Generated code: C:\Users\ATPHOME\Desktop\VXL\VXL-1652026-Assignment\Assignment\MXTmpFiles\gpio.tmp
2025-12-12 23:24:12,148 [INFO] CodeEngine:239 - oldGeneratedFile, C:\Users\ATPHOME\Desktop\VXL\VXL-1652026-Assignment\Assignment\Core\Src\stm32f1xx_it.c_save
2025-12-12 23:24:12,347 [INFO] CodeEngine:257 - Generated code: C:\Users\ATPHOME\Desktop\VXL\VXL-1652026-Assignment\Assignment\Core\Src\stm32f1xx_it.c
2025-12-12 23:24:12,363 [INFO] CodeEngine:239 - oldGeneratedFile, C:\Users\ATPHOME\Desktop\VXL\VXL-1652026-Assignment\Assignment\Core\Inc\stm32f1xx_it.h_save
2025-12-12 23:24:12,485 [INFO] CodeEngine:257 - Generated code: C:\Users\ATPHOME\Desktop\VXL\VXL-1652026-Assignment\Assignment\Core\Inc\stm32f1xx_it.h
2025-12-12 23:24:12,485 [INFO] CheckServerUpdateThread:112 - End of CheckServer Thread
2025-12-12 23:24:12,516 [INFO] CodeEngine:239 - oldGeneratedFile, C:\Users\ATPHOME\Desktop\VXL\VXL-1652026-Assignment\Assignment\Core\Src\stm32f1xx_hal_msp.c_save
2025-12-12 23:24:12,670 [INFO] CodeEngine:257 - Generated code: C:\Users\ATPHOME\Desktop\VXL\VXL-1652026-Assignment\Assignment\Core\Src\stm32f1xx_hal_msp.c
2025-12-12 23:24:12,670 [INFO] CodeEngine:239 - oldGeneratedFile, C:\Users\ATPHOME\Desktop\VXL\VXL-1652026-Assignment\Assignment\MXTmpFiles\system.tmp_save
2025-12-12 23:24:12,764 [INFO] CodeEngine:257 - Generated code: C:\Users\ATPHOME\Desktop\VXL\VXL-1652026-Assignment\Assignment\MXTmpFiles\system.tmp
2025-12-12 23:24:12,786 [INFO] CodeEngine:239 - oldGeneratedFile, C:\Users\ATPHOME\Desktop\VXL\VXL-1652026-Assignment\Assignment\Core\Inc\stm32f1xx_hal_conf.h_save
2025-12-12 23:24:12,886 [INFO] CodeEngine:257 - Generated code: C:\Users\ATPHOME\Desktop\VXL\VXL-1652026-Assignment\Assignment\Core\Inc\stm32f1xx_hal_conf.h
2025-12-12 23:24:12,949 [WARN] IPConfigManager:3148 - IP not found : TIM
2025-12-12 23:24:12,949 [WARN] CodeGenerator:3268 - IP not found : null
2025-12-12 23:24:12,971 [INFO] CodeEngine:239 - oldGeneratedFile, C:\Users\ATPHOME\Desktop\VXL\VXL-1652026-Assignment\Assignment\Core\Inc\main.h_save
2025-12-12 23:24:13,117 [INFO] CodeEngine:257 - Generated code: C:\Users\ATPHOME\Desktop\VXL\VXL-1652026-Assignment\Assignment\Core\Inc\main.h
2025-12-12 23:24:13,145 [INFO] CodeEngine:239 - oldGeneratedFile, C:\Users\ATPHOME\Desktop\VXL\VXL-1652026-Assignment\Assignment\Core\Src\main.c_save
2025-12-12 23:24:13,350 [INFO] CodeEngine:257 - Generated code: C:\Users\ATPHOME\Desktop\VXL\VXL-1652026-Assignment\Assignment\Core\Src\main.c
2025-12-12 23:24:14,651 [INFO] ProjectBuilder:2578 - Time for Copy HAL[1] : 131mS.
2025-12-12 23:24:14,669 [INFO] ProjectBuilder:3622 - Project Generator version: 3.14.1
2025-12-12 23:24:15,143 [INFO] ConfigFileManager:1271 - The Die is : DIE412
2025-12-12 23:24:15,148 [INFO] ApiDbMcu:468 - Load IP Config File for FATFS
2025-12-12 23:24:15,195 [INFO] ApiDbMcu:468 - Load IP Config File for FREERTOS
2025-12-12 23:24:15,236 [INFO] ApiDbMcu:468 - Load IP Config File for USB_DEVICE
2025-12-12 23:24:20,502 [INFO] ProjectBuilder:3789 - Time for Generating toolchain IDE Files: 5833mS.
2025-12-12 23:24:20,504 [INFO] ProjectBuilder:2457 - Time for Copy CMSIS : 1mS.
2025-12-12 23:24:20,508 [INFO] ProjectBuilder:2457 - Time for Copy CMSIS : 0mS.
2025-12-12 23:24:21,027 [INFO] McuFinderGlobals:52 - Set McuFinderConnectedMode to true
2025-12-12 23:24:21,032 [INFO] ApiDb:276 - Save user favorites file C:\Users\ATPHOME/.stm32cubeide/favorites.mcus.txt: 0 item(s)
2025-12-12 23:24:21,032 [INFO] ApiDb:280 - User favorites MCUs=[]
2025-12-12 23:27:15,351 [INFO] Activator:177 - 


2025-12-12 23:27:15,351 [INFO] Activator:178 - !SESSION log4j initialized
2025-12-12 23:27:50,148 [INFO] McuFinderGlobals:39 - Set McuFinder mode to 2 (CubeIDE integrated)
2025-12-12 23:27:50,459 [INFO] ApplicationProperties:181 - Using Application install path: G:\Study\ViXuLy\stm32cubeide_1.7.0\STM32CubeIDE\plugins\com.st.stm32cube.common.mx_6.3.0.202107141111
2025-12-12 23:27:50,459 [INFO] DbMcusXml:74 - Set database path to: G:\Study\ViXuLy\stm32cubeide_1.7.0\STM32CubeIDE\plugins\com.st.stm32cube.common.mx_6.3.0.202107141111\\db\/mcu/
2025-12-12 23:27:50,475 [INFO] DbBoardsPdsc:56 - Set plugin database path to: G:\Study\ViXuLy\stm32cubeide_1.7.0\STM32CubeIDE\plugins\com.st.stm32cube.common.mx_6.3.0.202107141111\\db\/plugins/boardmanager/
2025-12-12 23:27:50,475 [INFO] DbMcus:258 - Set plugin images path to: G:\Study\ViXuLy\stm32cubeide_1.7.0\STM32CubeIDE\plugins\com.st.stm32cube.common.mx_6.3.0.202107141111\\db\/plugins/mcufinder/images/
2025-12-12 23:27:50,475 [INFO] DbBoards:264 - Set plugin images path to: G:\Study\ViXuLy\stm32cubeide_1.7.0\STM32CubeIDE\plugins\com.st.stm32cube.common.mx_6.3.0.202107141111\\db\/plugins/mcufinder/images/
2025-12-12 23:27:50,475 [INFO] DbExamples:333 - Set plugin images path to: G:\Study\ViXuLy\stm32cubeide_1.7.0\STM32CubeIDE\plugins\com.st.stm32cube.common.mx_6.3.0.202107141111\\db\/plugins/mcufinder/images/
2025-12-12 23:27:50,475 [INFO] DbMcusAds:119 - Set database path to: C:\Users\ATPHOME\.stmcufinder\plugins\mcufinder//mcu/
2025-12-12 23:27:50,475 [INFO] DbMcusDocs:110 - Set database path to: C:\Users\ATPHOME\.stmcufinder\plugins\mcufinder//mcu/
2025-12-12 23:27:50,475 [INFO] DbMcusJson:64 - Set database path to: C:\Users\ATPHOME\.stmcufinder\plugins\mcufinder//mcu/
2025-12-12 23:27:50,475 [INFO] DbBoardsDocs:110 - Set database path to: C:\Users\ATPHOME\.stmcufinder\plugins\mcufinder//mcu/
2025-12-12 23:27:50,475 [INFO] DbBoardsJson:57 - Set database path to: C:\Users\ATPHOME\.stmcufinder\plugins\mcufinder//mcu/
2025-12-12 23:27:50,928 [INFO] CrossReferenceDbSqlite:196 - Set database path to: C:\Users\ATPHOME\.stmcufinder\plugins\mcufinder//mcu/cs/
2025-12-12 23:27:50,928 [INFO] DbExamplesSqlite:767 - Set database path to: C:\Users\ATPHOME\.stmcufinder\plugins\mcufinder//mcu/
2025-12-12 23:27:51,038 [INFO] RulesReader:57 - Compatibility file has been processed (242 Rules)
2025-12-12 23:27:51,151 [INFO] DbMcusXml:74 - Set database path to: G:\Study\ViXuLy\stm32cubeide_1.7.0\STM32CubeIDE\plugins\com.st.stm32cube.common.mx_6.3.0.202107141111\\db\/mcu/
2025-12-12 23:27:51,151 [INFO] DbBoardsPdsc:56 - Set plugin database path to: G:\Study\ViXuLy\stm32cubeide_1.7.0\STM32CubeIDE\plugins\com.st.stm32cube.common.mx_6.3.0.202107141111\\db\/plugins/boardmanager/
2025-12-12 23:27:51,151 [INFO] DbMcus:258 - Set plugin images path to: G:\Study\ViXuLy\stm32cubeide_1.7.0\STM32CubeIDE\plugins\com.st.stm32cube.common.mx_6.3.0.202107141111\\db\/plugins/mcufinder/images/
2025-12-12 23:27:51,151 [INFO] DbBoards:264 - Set plugin images path to: G:\Study\ViXuLy\stm32cubeide_1.7.0\STM32CubeIDE\plugins\com.st.stm32cube.common.mx_6.3.0.202107141111\\db\/plugins/mcufinder/images/
2025-12-12 23:27:51,151 [INFO] DbExamples:333 - Set plugin images path to: G:\Study\ViXuLy\stm32cubeide_1.7.0\STM32CubeIDE\plugins\com.st.stm32cube.common.mx_6.3.0.202107141111\\db\/plugins/mcufinder/images/
2025-12-12 23:27:51,151 [WARN] DbFile:35 - Overriding database path with different value: C:\Users\ATPHOME\.stmcufinder\plugins\mcufinder/ => C:\Users\ATPHOME\.stmcufinder\plugins\mcufinder
2025-12-12 23:27:51,151 [INFO] DbMcusAds:119 - Set database path to: C:\Users\ATPHOME\.stmcufinder\plugins\mcufinder//mcu/
2025-12-12 23:27:51,151 [WARN] DbFile:35 - Overriding database path with different value: C:\Users\ATPHOME\.stmcufinder\plugins\mcufinder/ => C:\Users\ATPHOME\.stmcufinder\plugins\mcufinder
2025-12-12 23:27:51,151 [INFO] DbMcusDocs:110 - Set database path to: C:\Users\ATPHOME\.stmcufinder\plugins\mcufinder//mcu/
2025-12-12 23:27:51,151 [WARN] DbFile:35 - Overriding database path with different value: C:\Users\ATPHOME\.stmcufinder\plugins\mcufinder/ => C:\Users\ATPHOME\.stmcufinder\plugins\mcufinder
2025-12-12 23:27:51,151 [INFO] DbMcusJson:64 - Set database path to: C:\Users\ATPHOME\.stmcufinder\plugins\mcufinder//mcu/
2025-12-12 23:27:51,151 [WARN] DbFile:35 - Overriding database path with different value: C:\Users\ATPHOME\.stmcufinder\plugins\mcufinder/ => C:\Users\ATPHOME\.stmcufinder\plugins\mcufinder
2025-12-12 23:27:51,151 [INFO] DbBoardsDocs:110 - Set database path to: C:\Users\ATPHOME\.stmcufinder\plugins\mcufinder//mcu/
2025-12-12 23:27:51,151 [WARN] DbFile:35 - Overriding database path with different value: C:\Users\ATPHOME\.stmcufinder\plugins\mcufinder/ => C:\Users\ATPHOME\.stmcufinder\plugins\mcufinder
2025-12-12 23:27:51,151 [INFO] DbBoardsJson:57 - Set database path to: C:\Users\ATPHOME\.stmcufinder\plugins\mcufinder//mcu/
2025-12-12 23:27:51,151 [WARN] DbFile:35 - Overriding database path with different value: C:\Users\ATPHOME\.stmcufinder\plugins\mcufinder/ => C:\Users\ATPHOME\.stmcufinder\plugins\mcufinder
2025-12-12 23:27:51,151 [WARN] DbFile:35 - Overriding database path with different value: C:\Users\ATPHOME\.stmcufinder\plugins\mcufinder/ => C:\Users\ATPHOME\.stmcufinder\plugins\mcufinder
2025-12-12 23:27:51,151 [INFO] CrossReferenceDbSqlite:196 - Set database path to: C:\Users\ATPHOME\.stmcufinder\plugins\mcufinder//mcu/cs/
2025-12-12 23:27:51,151 [WARN] DbFile:35 - Overriding database path with different value: C:\Users\ATPHOME\.stmcufinder\plugins\mcufinder/ => C:\Users\ATPHOME\.stmcufinder\plugins\mcufinder
2025-12-12 23:27:51,151 [INFO] DbExamplesSqlite:767 - Set database path to: C:\Users\ATPHOME\.stmcufinder\plugins\mcufinder//mcu/
2025-12-12 23:27:51,221 [INFO] MainPanel:214 - HeapMemory: 308281344
2025-12-12 23:27:51,272 [INFO] DbMcusXml:74 - Set database path to: G:\Study\ViXuLy\stm32cubeide_1.7.0\STM32CubeIDE\plugins\com.st.stm32cube.common.mx_6.3.0.202107141111\\db\/mcu/
2025-12-12 23:27:51,272 [INFO] DbBoardsPdsc:56 - Set plugin database path to: G:\Study\ViXuLy\stm32cubeide_1.7.0\STM32CubeIDE\plugins\com.st.stm32cube.common.mx_6.3.0.202107141111\\db\/plugins/boardmanager/
2025-12-12 23:27:51,272 [INFO] DbMcus:258 - Set plugin images path to: G:\Study\ViXuLy\stm32cubeide_1.7.0\STM32CubeIDE\plugins\com.st.stm32cube.common.mx_6.3.0.202107141111\\db\/plugins/mcufinder/images/
2025-12-12 23:27:51,272 [INFO] DbBoards:264 - Set plugin images path to: G:\Study\ViXuLy\stm32cubeide_1.7.0\STM32CubeIDE\plugins\com.st.stm32cube.common.mx_6.3.0.202107141111\\db\/plugins/mcufinder/images/
2025-12-12 23:27:51,272 [INFO] DbExamples:333 - Set plugin images path to: G:\Study\ViXuLy\stm32cubeide_1.7.0\STM32CubeIDE\plugins\com.st.stm32cube.common.mx_6.3.0.202107141111\\db\/plugins/mcufinder/images/
2025-12-12 23:27:51,272 [WARN] DbFile:35 - Overriding database path with different value: C:\Users\ATPHOME\.stmcufinder\plugins\mcufinder/ => C:\Users\ATPHOME\.stmcufinder\plugins\mcufinder
2025-12-12 23:27:51,272 [INFO] DbMcusAds:119 - Set database path to: C:\Users\ATPHOME\.stmcufinder\plugins\mcufinder//mcu/
2025-12-12 23:27:51,272 [WARN] DbFile:35 - Overriding database path with different value: C:\Users\ATPHOME\.stmcufinder\plugins\mcufinder/ => C:\Users\ATPHOME\.stmcufinder\plugins\mcufinder
2025-12-12 23:27:51,272 [INFO] DbMcusDocs:110 - Set database path to: C:\Users\ATPHOME\.stmcufinder\plugins\mcufinder//mcu/
2025-12-12 23:27:51,272 [WARN] DbFile:35 - Overriding database path with different value: C:\Users\ATPHOME\.stmcufinder\plugins\mcufinder/ => C:\Users\ATPHOME\.stmcufinder\plugins\mcufinder
2025-12-12 23:27:51,272 [INFO] DbMcusJson:64 - Set database path to: C:\Users\ATPHOME\.stmcufinder\plugins\mcufinder//mcu/
2025-12-12 23:27:51,272 [WARN] DbFile:35 - Overriding database path with different value: C:\Users\ATPHOME\.stmcufinder\plugins\mcufinder/ => C:\Users\ATPHOME\.stmcufinder\plugins\mcufinder
2025-12-12 23:27:51,272 [INFO] DbBoardsDocs:110 - Set database path to: C:\Users\ATPHOME\.stmcufinder\plugins\mcufinder//mcu/
2025-12-12 23:27:51,272 [WARN] DbFile:35 - Overriding database path with different value: C:\Users\ATPHOME\.stmcufinder\plugins\mcufinder/ => C:\Users\ATPHOME\.stmcufinder\plugins\mcufinder
2025-12-12 23:27:51,272 [INFO] DbBoardsJson:57 - Set database path to: C:\Users\ATPHOME\.stmcufinder\plugins\mcufinder//mcu/
2025-12-12 23:27:51,272 [WARN] DbFile:35 - Overriding database path with different value: C:\Users\ATPHOME\.stmcufinder\plugins\mcufinder/ => C:\Users\ATPHOME\.stmcufinder\plugins\mcufinder
2025-12-12 23:27:51,272 [WARN] DbFile:35 - Overriding database path with different value: C:\Users\ATPHOME\.stmcufinder\plugins\mcufinder/ => C:\Users\ATPHOME\.stmcufinder\plugins\mcufinder
2025-12-12 23:27:51,272 [INFO] CrossReferenceDbSqlite:196 - Set database path to: C:\Users\ATPHOME\.stmcufinder\plugins\mcufinder//mcu/cs/
2025-12-12 23:27:51,272 [WARN] DbFile:35 - Overriding database path with different value: C:\Users\ATPHOME\.stmcufinder\plugins\mcufinder/ => C:\Users\ATPHOME\.stmcufinder\plugins\mcufinder
2025-12-12 23:27:51,272 [INFO] DbExamplesSqlite:767 - Set database path to: C:\Users\ATPHOME\.stmcufinder\plugins\mcufinder//mcu/
2025-12-12 23:27:51,320 [INFO] ApplicationProperties:181 - Using Application install path: G:\Study\ViXuLy\stm32cubeide_1.7.0\STM32CubeIDE\plugins\com.st.stm32cube.common.mx_6.3.0.202107141111
2025-12-12 23:27:51,320 [INFO] PluginManage:188 - Search for loadable plugins [exclusion list=, ]
2025-12-12 23:27:51,320 [INFO] PluginManage:302 - Check plugin analytics
2025-12-12 23:27:51,498 [INFO] AnalyticsPlugin:257 - Accepted Software Licenses: 
2025-12-12 23:27:51,498 [INFO] AnalyticsPlugin:259 - Accepted CMSIS Pack Licenses: 
2025-12-12 23:27:51,498 [INFO] AnalyticsPlugin:261 - Accepted Firmware Licenses: 
2025-12-12 23:27:51,498 [INFO] PluginManage:352 - Loaded plugin analytics (category:tool,tabindex:-1)
2025-12-12 23:27:51,498 [INFO] PluginManage:302 - Check plugin clock
2025-12-12 23:27:51,513 [INFO] PluginManage:352 - Loaded plugin clock (category:base,tabindex:2)
2025-12-12 23:27:51,513 [INFO] PluginManage:302 - Check plugin ddr
2025-12-12 23:27:51,520 [INFO] PluginManage:352 - Loaded plugin ddr (category:tool,tabindex:6)
2025-12-12 23:27:51,520 [INFO] PluginManage:302 - Check plugin filemanager
2025-12-12 23:27:51,663 [INFO] PluginManage:352 - Loaded plugin filemanager (category:base,tabindex:10)
2025-12-12 23:27:51,663 [INFO] PluginManage:302 - Check plugin ipmanager
2025-12-12 23:27:51,672 [INFO] PluginManage:352 - Loaded plugin ipmanager (category:base,tabindex:5)
2025-12-12 23:27:51,672 [INFO] PluginManage:302 - Check plugin pinoutandconfiguration
2025-12-12 23:27:51,679 [INFO] PluginManage:352 - Loaded plugin pinoutandconfiguration (category:base,tabindex:1)
2025-12-12 23:27:51,679 [INFO] PluginManage:302 - Check plugin pinoutconfig
2025-12-12 23:27:51,710 [INFO] PluginManage:352 - Loaded plugin pinoutconfig (category:base,tabindex:0)
2025-12-12 23:27:51,710 [INFO] PluginManage:302 - Check plugin power
2025-12-12 23:27:51,723 [INFO] PluginManage:352 - Loaded plugin power (category:power,tabindex:4)
2025-12-12 23:27:51,723 [INFO] PluginManage:302 - Check plugin projectmanager
2025-12-12 23:27:51,741 [INFO] PluginManage:352 - Loaded plugin projectmanager (category:projectmanager,tabindex:3)
2025-12-12 23:27:51,741 [INFO] PluginManage:302 - Check plugin thirdparty
2025-12-12 23:27:51,851 [WARN] IntegrityCheckThread:78 - waiting for thirdparty lock release [integrity check]
2025-12-12 23:27:51,866 [INFO] PluginManage:352 - Loaded plugin thirdparty (category:base,tabindex:-1)
2025-12-12 23:27:51,866 [INFO] IntegrityCheckThread:80 - entering critical section [integrity check]
2025-12-12 23:27:51,866 [INFO] PluginManage:302 - Check plugin tools
2025-12-12 23:27:51,866 [INFO] ThirdPartyUpdaterWithRetryManager:66 - Updater plugin not ready yet. [1/15]
2025-12-12 23:27:51,866 [INFO] PluginManage:352 - Loaded plugin tools (category:base,tabindex:7)
2025-12-12 23:27:51,866 [INFO] PluginManage:302 - Check plugin tutovideos
2025-12-12 23:27:52,081 [INFO] PluginManage:352 - Loaded plugin tutovideos (category:base,tabindex:-1)
2025-12-12 23:27:52,081 [INFO] PluginManage:302 - Check plugin updater
2025-12-12 23:27:52,097 [INFO] PluginManage:352 - Loaded plugin updater (category:base,tabindex:12)
2025-12-12 23:27:52,097 [INFO] PluginManage:275 - PluginManage : Loaded plugins [13]
2025-12-12 23:27:52,344 [INFO] PinOutPanel:1463 - setPackage(No Configuration,No Configuration)
2025-12-12 23:27:52,482 [INFO] IPUIPlugin:74 - create IPUIPlugin
2025-12-12 23:27:52,482 [INFO] PluginManager:213 - loadIPPluginJar : add adc
2025-12-12 23:27:52,482 [INFO] IPUIPlugin:74 - create IPUIPlugin
2025-12-12 23:27:52,482 [INFO] PluginManager:213 - loadIPPluginJar : add aes
2025-12-12 23:27:52,482 [INFO] IPUIPlugin:74 - create IPUIPlugin
2025-12-12 23:27:52,482 [INFO] PluginManager:213 - loadIPPluginJar : add can
2025-12-12 23:27:52,482 [INFO] IPUIPlugin:74 - create IPUIPlugin
2025-12-12 23:27:52,482 [INFO] PluginManager:213 - loadIPPluginJar : add comp
2025-12-12 23:27:52,482 [INFO] IPUIPlugin:74 - create IPUIPlugin
2025-12-12 23:27:52,482 [INFO] PluginManager:213 - loadIPPluginJar : add cryp
2025-12-12 23:27:52,482 [INFO] IPUIPlugin:74 - create IPUIPlugin
2025-12-12 23:27:52,482 [INFO] PluginManager:213 - loadIPPluginJar : add dfsdm
2025-12-12 23:27:52,498 [INFO] IPUIPlugin:74 - create IPUIPlugin
2025-12-12 23:27:52,498 [INFO] PluginManager:213 - loadIPPluginJar : add dma
2025-12-12 23:27:52,498 [INFO] IPUIPlugin:74 - create IPUIPlugin
2025-12-12 23:27:52,498 [INFO] PluginManager:213 - loadIPPluginJar : add dma3
2025-12-12 23:27:52,498 [INFO] IPUIPlugin:74 - create IPUIPlugin
2025-12-12 23:27:52,498 [INFO] PluginManager:213 - loadIPPluginJar : add fatfs
2025-12-12 23:27:52,513 [INFO] IPUIPlugin:74 - create IPUIPlugin
2025-12-12 23:27:52,513 [INFO] PluginManager:213 - loadIPPluginJar : add fmc
2025-12-12 23:27:52,529 [INFO] IPUIPlugin:74 - create IPUIPlugin
2025-12-12 23:27:52,529 [INFO] PluginManager:213 - loadIPPluginJar : add freertos
2025-12-12 23:27:52,529 [INFO] IPUIPlugin:74 - create IPUIPlugin
2025-12-12 23:27:52,529 [INFO] PluginManager:213 - loadIPPluginJar : add genericplugin
2025-12-12 23:27:52,529 [INFO] IPUIPlugin:74 - create IPUIPlugin
2025-12-12 23:27:52,529 [INFO] PluginManager:213 - loadIPPluginJar : add gfxmmu
2025-12-12 23:27:52,529 [INFO] IPUIPlugin:74 - create IPUIPlugin
2025-12-12 23:27:52,529 [INFO] PluginManager:213 - loadIPPluginJar : add gic
2025-12-12 23:27:52,544 [INFO] IPUIPlugin:74 - create IPUIPlugin
2025-12-12 23:27:52,544 [INFO] PluginManager:213 - loadIPPluginJar : add gpio
2025-12-12 23:27:52,544 [INFO] IPUIPlugin:74 - create IPUIPlugin
2025-12-12 23:27:52,544 [INFO] PluginManager:213 - loadIPPluginJar : add gtzc
2025-12-12 23:27:52,544 [INFO] IPUIPlugin:74 - create IPUIPlugin
2025-12-12 23:27:52,544 [INFO] PluginManager:213 - loadIPPluginJar : add hash
2025-12-12 23:27:52,544 [INFO] IPUIPlugin:74 - create IPUIPlugin
2025-12-12 23:27:52,544 [INFO] PluginManager:213 - loadIPPluginJar : add i2c
2025-12-12 23:27:52,544 [INFO] IPUIPlugin:74 - create IPUIPlugin
2025-12-12 23:27:52,544 [INFO] PluginManager:213 - loadIPPluginJar : add i2s
2025-12-12 23:27:52,560 [INFO] IPUIPlugin:74 - create IPUIPlugin
2025-12-12 23:27:52,560 [INFO] PluginManager:213 - loadIPPluginJar : add ipddr
2025-12-12 23:27:52,576 [INFO] IPUIPlugin:74 - create IPUIPlugin
2025-12-12 23:27:52,576 [INFO] PluginManager:213 - loadIPPluginJar : add linkedlist
2025-12-12 23:27:52,576 [INFO] IPUIPlugin:74 - create IPUIPlugin
2025-12-12 23:27:52,576 [INFO] PluginManager:213 - loadIPPluginJar : add lorawan
2025-12-12 23:27:52,582 [INFO] IPUIPlugin:74 - create IPUIPlugin
2025-12-12 23:27:52,582 [INFO] PluginManager:213 - loadIPPluginJar : add ltdc
2025-12-12 23:27:52,582 [INFO] IPUIPlugin:74 - create IPUIPlugin
2025-12-12 23:27:52,582 [INFO] PluginManager:213 - loadIPPluginJar : add mdma
2025-12-12 23:27:52,582 [INFO] IPUIPlugin:74 - create IPUIPlugin
2025-12-12 23:27:52,582 [INFO] PluginManager:213 - loadIPPluginJar : add nvic
2025-12-12 23:27:52,582 [INFO] IPUIPlugin:74 - create IPUIPlugin
2025-12-12 23:27:52,582 [INFO] PluginManager:213 - loadIPPluginJar : add opamp
2025-12-12 23:27:52,582 [INFO] IPUIPlugin:74 - create IPUIPlugin
2025-12-12 23:27:52,582 [INFO] PluginManager:213 - loadIPPluginJar : add openamp
2025-12-12 23:27:52,598 [INFO] IPUIPlugin:74 - create IPUIPlugin
2025-12-12 23:27:52,598 [INFO] PluginManager:213 - loadIPPluginJar : add pdm2pcm
2025-12-12 23:27:52,598 [INFO] IPUIPlugin:74 - create IPUIPlugin
2025-12-12 23:27:52,598 [INFO] PluginManager:213 - loadIPPluginJar : add plateformsettings
2025-12-12 23:27:52,598 [INFO] IPUIPlugin:74 - create IPUIPlugin
2025-12-12 23:27:52,598 [INFO] PluginManager:213 - loadIPPluginJar : add quadspi
2025-12-12 23:27:52,613 [INFO] IPUIPlugin:74 - create IPUIPlugin
2025-12-12 23:27:52,613 [INFO] PluginManager:213 - loadIPPluginJar : add resmgrutility
2025-12-12 23:27:52,613 [INFO] IPUIPlugin:74 - create IPUIPlugin
2025-12-12 23:27:52,613 [INFO] PluginManager:213 - loadIPPluginJar : add sai
2025-12-12 23:27:52,613 [INFO] IPUIPlugin:74 - create IPUIPlugin
2025-12-12 23:27:52,613 [INFO] PluginManager:213 - loadIPPluginJar : add spi
2025-12-12 23:27:52,613 [INFO] IPUIPlugin:74 - create IPUIPlugin
2025-12-12 23:27:52,613 [INFO] PluginManager:213 - loadIPPluginJar : add stm32_wpan
2025-12-12 23:27:52,613 [INFO] IPUIPlugin:74 - create IPUIPlugin
2025-12-12 23:27:52,613 [INFO] PluginManager:213 - loadIPPluginJar : add tim
2025-12-12 23:27:52,629 [INFO] IPUIPlugin:74 - create IPUIPlugin
2025-12-12 23:27:52,629 [INFO] PluginManager:213 - loadIPPluginJar : add touchsensing
2025-12-12 23:27:52,629 [INFO] IPUIPlugin:74 - create IPUIPlugin
2025-12-12 23:27:52,629 [INFO] PluginManager:213 - loadIPPluginJar : add tracer_emb
2025-12-12 23:27:52,629 [INFO] IPUIPlugin:74 - create IPUIPlugin
2025-12-12 23:27:52,629 [INFO] PluginManager:213 - loadIPPluginJar : add ts
2025-12-12 23:27:52,629 [INFO] IPUIPlugin:74 - create IPUIPlugin
2025-12-12 23:27:52,629 [INFO] PluginManager:213 - loadIPPluginJar : add tsc
2025-12-12 23:27:52,629 [INFO] IPUIPlugin:74 - create IPUIPlugin
2025-12-12 23:27:52,629 [INFO] PluginManager:213 - loadIPPluginJar : add ucpd
2025-12-12 23:27:52,629 [INFO] IPUIPlugin:74 - create IPUIPlugin
2025-12-12 23:27:52,629 [INFO] PluginManager:213 - loadIPPluginJar : add usart
2025-12-12 23:27:52,629 [INFO] IPUIPlugin:74 - create IPUIPlugin
2025-12-12 23:27:52,629 [INFO] PluginManager:213 - loadIPPluginJar : add usbx
2025-12-12 23:27:52,930 [FATAL] Updater:294 - Updater called before beeing initialized
2025-12-12 23:27:53,083 [FATAL] Updater:294 - Updater called before beeing initialized
2025-12-12 23:27:53,083 [INFO] DbMcusAds:47 - JSON generation date=Mon Dec 08 21:28:09 ICT 2025 (1765204089911)
2025-12-12 23:27:53,083 [FATAL] Updater:294 - Updater called before beeing initialized
2025-12-12 23:27:53,114 [WARN] DetailPanel:314 - Failed to get advertising image, set to default
2025-12-12 23:27:53,230 [FATAL] Updater:294 - Updater called before beeing initialized
2025-12-12 23:27:53,230 [FATAL] Updater:294 - Updater called before beeing initialized
2025-12-12 23:27:53,230 [FATAL] Updater:294 - Updater called before beeing initialized
2025-12-12 23:27:53,230 [WARN] DetailPanel:314 - Failed to get advertising image, set to default
2025-12-12 23:27:53,230 [FATAL] Updater:294 - Updater called before beeing initialized
2025-12-12 23:27:53,299 [ERROR] Updater:1075 - MainUpdater not yet initialized. External WinMGr cannot be set.
2025-12-12 23:27:53,301 [INFO] Updater:1012 - Updater Version found : 6.3.0
2025-12-12 23:27:53,304 [INFO] ApplicationProperties:181 - Using Application install path: G:\Study\ViXuLy\stm32cubeide_1.7.0\STM32CubeIDE\plugins\com.st.stm32cube.common.mx_6.3.0.202107141111
2025-12-12 23:27:53,484 [INFO] MainUpdater:2671 - connection check result : 10
2025-12-12 23:27:53,484 [INFO] MainUpdater:265 - Updater Check For Update Now.
2025-12-12 23:27:53,484 [INFO] MicroXplorer:478 - Change Database Version : DB.6.0.30
2025-12-12 23:27:53,700 [INFO] CheckServerUpdateThread:112 - End of CheckServer Thread
2025-12-12 23:27:53,809 [INFO] MainUpdater:2671 - connection check result : 10
2025-12-12 23:27:53,985 [INFO] McuFinderGlobals:52 - Set McuFinderConnectedMode to false
2025-12-12 23:27:54,085 [INFO] CrossSelectorPresenter:1330 - Cross Selector saved comparison directory: C:\Users\ATPHOME\.stmcufinder\plugins\mcufinder\mcu\cs_comparisons_mx
2025-12-12 23:27:54,085 [INFO] MultiScanPanel:197 - Auto-refresh data requested => check proxy status ongoing
2025-12-12 23:27:54,085 [INFO] MultiScanPanel:201 - Proxy status is invalid
2025-12-12 23:27:54,100 [INFO] FinderPluginLoader:87 - Searching for filters in installed packs
2025-12-12 23:27:54,100 [INFO] DbMcusXml:100 - Load MCU database from G:\Study\ViXuLy\stm32cubeide_1.7.0\STM32CubeIDE\plugins\com.st.stm32cube.common.mx_6.3.0.202107141111\\db\/mcu/families.xml
2025-12-12 23:27:55,002 [INFO] DbMcusJson:93 - JSON generation date=Tue Nov 16 23:17:54 ICT 2021 (1637079474)
2025-12-12 23:27:55,283 [ERROR] Engine:463 - C:\Users\ATPHOME\.stm32cubemx\thirdparties\pdsc\STMicroelectronics.FP-SNS-MOTENVWB1.1.4.0.pdsc: PDSC version is not supported
2025-12-12 23:27:55,309 [WARN] PackLoader:238 - Cannot read IP mode file for STMicroelectronics.FP-ATR-ASTRA1.2.0.2
2025-12-12 23:27:55,315 [ERROR] Engine:463 - C:\Users\ATPHOME\.stm32cubemx\thirdparties\pdsc\STMicroelectronics.X-CUBE-SMBUS.2.1.0.pdsc: PDSC version is not supported
2025-12-12 23:27:55,316 [ERROR] Engine:463 - C:\Users\ATPHOME\.stm32cubemx\thirdparties\pdsc\STMicroelectronics.X-CUBE-ST60.1.0.0.pdsc: PDSC version is not supported
2025-12-12 23:27:55,350 [WARN] PackLoader:238 - Cannot read IP mode file for STMicroelectronics.X-CUBE-AZRTOS-F7.1.1.0
2025-12-12 23:27:55,366 [ERROR] Engine:463 - C:\Users\ATPHOME\.stm32cubemx\thirdparties\pdsc\Cesanta.I-CUBE-Mongoose.7.19.0.pdsc: PDSC version is not supported
2025-12-12 23:27:55,366 [ERROR] Engine:463 - C:\Users\ATPHOME\.stm32cubemx\thirdparties\pdsc\STMicroelectronics.FP-SNS-MOTENV1.5.1.0.pdsc: PDSC version is not supported
2025-12-12 23:27:55,366 [ERROR] Engine:463 - C:\Users\ATPHOME\.stm32cubemx\thirdparties\pdsc\WES.I-CUBE-Cesium.1.4.0.pdsc: PDSC version is not supported
2025-12-12 23:27:55,387 [ERROR] Engine:463 - C:\Users\ATPHOME\.stm32cubemx\thirdparties\pdsc\Infineon.AIROC-Wi-Fi-Bluetooth-STM32.1.7.1.pdsc: PDSC version is not supported
2025-12-12 23:27:55,419 [WARN] PackLoader:238 - Cannot read IP mode file for STMicroelectronics.X-CUBE-AZRTOS-H7.3.4.0
2025-12-12 23:27:55,443 [ERROR] Engine:463 - C:\Users\ATPHOME\.stm32cubemx\thirdparties\pdsc\STMicroelectronics.X-CUBE-DISPLAY.3.0.0.pdsc: PDSC version is not supported
2025-12-12 23:27:55,445 [WARN] PackLoader:238 - Cannot read IP mode file for STMicroelectronics.X-CUBE-NFC10.1.0.0
2025-12-12 23:27:55,460 [ERROR] Engine:463 - C:\Users\ATPHOME\.stm32cubemx\thirdparties\pdsc\STMicroelectronics.X-CUBE-ST60.1.1.0.pdsc: PDSC version is not supported
2025-12-12 23:27:55,460 [ERROR] Engine:463 - C:\Users\ATPHOME\.stm32cubemx\thirdparties\pdsc\emotas.I-CUBE-CANOPEN.1.3.0.pdsc: PDSC version is not supported
2025-12-12 23:27:55,476 [WARN] PackLoader:238 - Cannot read IP mode file for STMicroelectronics.X-CUBE-GNSS1.7.1.0
2025-12-12 23:27:55,476 [ERROR] Engine:463 - C:\Users\ATPHOME\.stm32cubemx\thirdparties\pdsc\STMicroelectronics.FP-SNS-STBOX1.2.1.0.pdsc: PDSC version is not supported
2025-12-12 23:27:55,487 [ERROR] Engine:463 - C:\Users\ATPHOME\.stm32cubemx\thirdparties\pdsc\STMicroelectronics.FP-SNS-SMARTAG2.1.2.0.pdsc: PDSC version is not supported
2025-12-12 23:27:55,487 [ERROR] Engine:463 - C:\Users\ATPHOME\.stm32cubemx\thirdparties\pdsc\STMicroelectronics.FP-SNS-FLIGHT1.5.1.0.pdsc: PDSC version is not supported
2025-12-12 23:27:55,487 [INFO] LogOutputStream:76 - [STDOUT_REDIRECT] 1 : Invalid condition id : UX_CORESTACK_Condition cause : null
2025-12-12 23:27:55,503 [INFO] LogOutputStream:76 - [STDOUT_REDIRECT] 1 : Invalid condition id : UX_CORESTACK_Condition cause : null
2025-12-12 23:27:55,503 [INFO] LogOutputStream:76 - [STDOUT_REDIRECT] 1 : Invalid condition id : UX_CORESTACK_Condition cause : null
2025-12-12 23:27:55,503 [INFO] LogOutputStream:76 - [STDOUT_REDIRECT] 1 : Invalid condition id : UX_CORESTACK_Condition cause : null
2025-12-12 23:27:55,503 [INFO] LogOutputStream:76 - [STDOUT_REDIRECT] 1 : Invalid condition id : UX_CORESTACK_Condition cause : null
2025-12-12 23:27:55,503 [WARN] PackLoader:238 - Cannot read IP mode file for STMicroelectronics.X-CUBE-AZRTOS-WL.2.0.0
2025-12-12 23:27:55,503 [ERROR] Engine:463 - C:\Users\ATPHOME\.stm32cubemx\thirdparties\pdsc\STMicroelectronics.FP-SNS-MOTENV1.5.0.0.pdsc: PDSC version is not supported
2025-12-12 23:27:55,550 [WARN] PackLoader:238 - Cannot read IP mode file for STMicroelectronics.X-CUBE-AZRTOS-H7RS.1.2.0
2025-12-12 23:27:55,565 [WARN] PackLoader:238 - Cannot read IP mode file for STMicroelectronics.X-CUBE-BLE2.3.3.0
2025-12-12 23:27:55,565 [ERROR] Engine:463 - C:\Users\ATPHOME\.stm32cubemx\thirdparties\pdsc\Avnet-IOTCONNECT.X-CUBE-iotc-st67-sdk.1.0.0.pdsc: PDSC version is not supported
2025-12-12 23:27:55,565 [WARN] PackLoader:238 - Cannot read IP mode file for STMicroelectronics.X-CUBE-NFC9.1.0.0
2025-12-12 23:27:55,588 [WARN] PackLoader:238 - Cannot read IP mode file for wolfSSL.I-CUBE-wolfSSL.5.8.2
2025-12-12 23:27:55,588 [WARN] PackLoader:238 - Cannot read IP mode file for STMicroelectronics.X-CUBE-BLE1.7.1.0
2025-12-12 23:27:55,588 [WARN] PackLoader:238 - Cannot read IP mode file for wolfSSL.I-CUBE-wolfMQTT.1.19.2
2025-12-12 23:27:55,588 [ERROR] Engine:463 - C:\Users\ATPHOME\.stm32cubemx\thirdparties\pdsc\STMicroelectronics.X-CUBE-FREERTOS.1.4.0.pdsc: PDSC version is not supported
2025-12-12 23:27:55,603 [WARN] PackLoader:238 - Cannot read IP mode file for STMicroelectronics.X-CUBE-EEPRMA1.5.2.0
2025-12-12 23:27:55,603 [ERROR] Engine:463 - C:\Users\ATPHOME\.stm32cubemx\thirdparties\pdsc\STMicroelectronics.X-CUBE-ST67W61.1.1.0.pdsc: PDSC version is not supported
2025-12-12 23:27:55,679 [WARN] PackLoader:238 - Cannot read IP mode file for STMicroelectronics.X-CUBE-MEMS1.12.0.0
2025-12-12 23:27:55,804 [INFO] DbMcus:175 - Found 1951 MCUs (1903 are supported by CubeMX, 1914 are visible in CubeMX)
2025-12-12 23:27:55,804 [INFO] ApiDb:251 - Load user favorites file C:\Users\ATPHOME/.stm32cubeide/favorites.mcus.txt: 0 item(s)
2025-12-12 23:27:55,804 [INFO] ApiDb:255 - User favorites MCUs=[]
2025-12-12 23:27:55,804 [INFO] DbMcus:187 - Set 0 / 0 favorites MCUs
2025-12-12 23:27:55,866 [WARN] PackLoader:238 - Cannot read IP mode file for STMicroelectronics.X-CUBE-AZRTOS-G0.1.1.0
2025-12-12 23:27:55,889 [WARN] PackLoader:238 - Cannot read IP mode file for STMicroelectronics.X-CUBE-SAFEA1.1.2.2
2025-12-12 23:27:55,889 [WARN] PackLoader:238 - Cannot read IP mode file for STMicroelectronics.X-CUBE-NFC4.3.0.0
2025-12-12 23:27:55,904 [ERROR] Engine:463 - C:\Users\ATPHOME\.stm32cubemx\thirdparties\pdsc\EmbeddedOffice.I-CUBE-FS-RTOS.1.0.1.pdsc: PDSC version is not supported
2025-12-12 23:27:55,904 [WARN] PackLoader:238 - Cannot read IP mode file for STMicroelectronics.X-CUBE-WB05N.2.0.0
2025-12-12 23:27:55,920 [WARN] PackLoader:238 - Cannot read IP mode file for wolfSSL.I-CUBE-wolfTPM.3.8.0
2025-12-12 23:27:55,920 [ERROR] Engine:463 - C:\Users\ATPHOME\.stm32cubemx\thirdparties\pdsc\STMicroelectronics.X-CUBE-TCPP.4.2.0.pdsc: PDSC version is not supported
2025-12-12 23:27:55,920 [ERROR] Engine:463 - C:\Users\ATPHOME\.stm32cubemx\thirdparties\pdsc\RealThread.X-CUBE-RT-Thread_Nano.4.1.1.pdsc: PDSC version is not supported
2025-12-12 23:27:55,920 [WARN] PackLoader:238 - Cannot read IP mode file for STMicroelectronics.FP-ATR-SIGFOX1.3.2.0
2025-12-12 23:27:55,920 [ERROR] Engine:463 - C:\Users\ATPHOME\.stm32cubemx\thirdparties\pdsc\ITTIA_DB.I-CUBE-ITTIADB.8.9.0.pdsc: PDSC version is not supported
2025-12-12 23:27:55,935 [ERROR] Engine:463 - C:\Users\ATPHOME\.stm32cubemx\thirdparties\pdsc\STMicroelectronics.X-CUBE-ST67W61.1.0.0.pdsc: PDSC version is not supported
2025-12-12 23:27:55,935 [WARN] PackLoader:238 - Cannot read IP mode file for STMicroelectronics.X-CUBE-AI.10.2.0
2025-12-12 23:27:55,982 [WARN] PackLoader:238 - Cannot read IP mode file for SEGGER.I-CUBE-embOS.1.3.1
2025-12-12 23:27:56,051 [WARN] PackLoader:238 - Cannot read IP mode file for STMicroelectronics.X-CUBE-ALGOBUILD.1.4.0
2025-12-12 23:27:56,105 [WARN] PackLoader:238 - Cannot read IP mode file for STMicroelectronics.X-CUBE-MEMS1.11.3.0
2025-12-12 23:27:56,320 [WARN] PackLoader:238 - Cannot read IP mode file for STMicroelectronics.X-CUBE-PM33A1.1.0.0
2025-12-12 23:27:56,351 [WARN] PackLoader:238 - Cannot read IP mode file for STMicroelectronics.X-CUBE-AZRTOS-F4.1.1.0
2025-12-12 23:27:56,351 [INFO] DetailPanel:309 - Set advertising image to C:/Users/ATPHOME/STM32Cube/Repository/\en.prom-st67w-expansion-board.png
2025-12-12 23:27:56,367 [WARN] PackLoader:238 - Cannot read IP mode file for STMicroelectronics.X-CUBE-ISPU.2.1.0
2025-12-12 23:27:56,383 [ERROR] Engine:463 - C:\Users\ATPHOME\.stm32cubemx\thirdparties\pdsc\STMicroelectronics.X-CUBE-IPS.3.2.0.pdsc: PDSC version is not supported
2025-12-12 23:27:56,390 [WARN] PackLoader:238 - Cannot read IP mode file for STMicroelectronics.X-CUBE-NFC12.1.0.0
2025-12-12 23:27:56,436 [WARN] PackLoader:238 - Cannot read IP mode file for STMicroelectronics.X-CUBE-AZRTOS-L5.2.0.0
2025-12-12 23:27:56,452 [WARN] PackLoader:238 - Cannot read IP mode file for STMicroelectronics.X-CUBE-NFC6.3.1.0
2025-12-12 23:27:56,452 [ERROR] Engine:463 - C:\Users\ATPHOME\.stm32cubemx\thirdparties\pdsc\STMicroelectronics.X-CUBE-FREERTOS.1.3.1.pdsc: PDSC version is not supported
2025-12-12 23:27:56,468 [WARN] PackLoader:238 - Cannot read IP mode file for STMicroelectronics.X-CUBE-TOUCHGFX.4.26.0
2025-12-12 23:27:56,468 [ERROR] Engine:463 - C:\Users\ATPHOME\.stm32cubemx\thirdparties\pdsc\STMicroelectronics.FP-SNS-STAIOTCFT.1.0.0.pdsc: PDSC version is not supported
2025-12-12 23:27:56,468 [ERROR] Engine:463 - C:\Users\ATPHOME\.stm32cubemx\thirdparties\pdsc\STMicroelectronics.X-CUBE-DPower.1.3.0.pdsc: PDSC version is not supported
2025-12-12 23:27:56,490 [WARN] ConditionMgr:437 - getConditionDescription Invalid condition id : LAN8742 Phy interface Condition cause : null
2025-12-12 23:27:56,490 [WARN] PackLoader:238 - Cannot read IP mode file for STMicroelectronics.X-CUBE-AZRTOS-L4.2.0.0
2025-12-12 23:27:56,490 [WARN] ConditionMgr:1038 - genDependencies : Invalid condition id : LAN8742 Phy interface Condition cause : null
2025-12-12 23:27:56,490 [WARN] ConditionMgr:1038 - genDependencies : Invalid condition id : LAN8742 Phy interface Condition cause : null
2025-12-12 23:27:56,506 [WARN] ConditionMgr:1038 - genDependencies : Invalid condition id : LAN8742 Phy interface Condition cause : null
2025-12-12 23:27:56,506 [WARN] PackLoader:238 - Cannot read IP mode file for STMicroelectronics.X-CUBE-SFXS2LP1.4.0.0
2025-12-12 23:27:56,506 [ERROR] Engine:463 - C:\Users\ATPHOME\.stm32cubemx\thirdparties\pdsc\STMicroelectronics.X-CUBE-BLEMGR.4.1.0.pdsc: PDSC version is not supported
2025-12-12 23:27:56,521 [WARN] ConditionMgr:437 - getConditionDescription Invalid condition id : UX DEVICE CLASS RTOS Condition cause : null
2025-12-12 23:27:56,521 [WARN] ConditionMgr:437 - getConditionDescription Invalid condition id : UX DEVICE CLASS RTOS Condition cause : null
2025-12-12 23:27:56,537 [WARN] PackLoader:238 - Cannot read IP mode file for STMicroelectronics.X-CUBE-AZRTOS-WB.2.0.0
2025-12-12 23:27:56,537 [WARN] ConditionMgr:1038 - genDependencies : Invalid condition id : UX DEVICE CLASS RTOS Condition cause : null
2025-12-12 23:27:56,537 [WARN] ConditionMgr:1038 - genDependencies : Invalid condition id : UX DEVICE CLASS RTOS Condition cause : null
2025-12-12 23:27:56,537 [WARN] ConditionMgr:1038 - genDependencies : Invalid condition id : UX DEVICE CLASS RTOS Condition cause : null
2025-12-12 23:27:56,537 [WARN] ConditionMgr:1038 - genDependencies : Invalid condition id : UX DEVICE CLASS RTOS Condition cause : null
2025-12-12 23:27:56,537 [WARN] ConditionMgr:1038 - genDependencies : Invalid condition id : UX DEVICE CLASS RTOS Condition cause : null
2025-12-12 23:27:56,552 [WARN] PackLoader:238 - Cannot read IP mode file for STMicroelectronics.X-CUBE-GNSS1.7.0.1
2025-12-12 23:27:56,552 [WARN] PackLoader:238 - Cannot read IP mode file for STMicroelectronics.X-CUBE-TOUCHGFX.4.25.0
2025-12-12 23:27:56,552 [ERROR] Engine:463 - C:\Users\ATPHOME\.stm32cubemx\thirdparties\pdsc\quantropi.X-CUBE-qispace-sdk-base.2.1.0.pdsc: PDSC version is not supported
2025-12-12 23:27:56,584 [WARN] PackLoader:238 - Cannot read IP mode file for STMicroelectronics.X-CUBE-SUBG2.5.0.0
2025-12-12 23:27:56,637 [WARN] PackLoader:238 - Cannot read IP mode file for STMicroelectronics.X-CUBE-AZRTOS-H7RS.1.1.0
2025-12-12 23:27:56,684 [WARN] PackLoader:238 - Cannot read IP mode file for STMicroelectronics.X-CUBE-AZRTOS-G4.2.0.0
2025-12-12 23:27:56,690 [WARN] PackLoader:238 - Cannot read IP mode file for wolfSSL.I-CUBE-wolfSSH.1.4.20
2025-12-12 23:27:56,690 [WARN] PackLoader:238 - Cannot read IP mode file for STMicroelectronics.X-CUBE-NFC7.2.0.0
2025-12-12 23:27:56,706 [ERROR] Engine:463 - C:\Users\ATPHOME\.stm32cubemx\thirdparties\pdsc\STMicroelectronics.X-CUBE-IPS.3.1.0.pdsc: PDSC version is not supported
2025-12-12 23:27:56,706 [ERROR] Engine:463 - C:\Users\ATPHOME\.stm32cubemx\thirdparties\pdsc\STMicroelectronics.X-CUBE-ALS.1.0.2.pdsc: PDSC version is not supported
2025-12-12 23:27:56,706 [WARN] PackLoader:238 - Cannot read IP mode file for STMicroelectronics.X-CUBE-STSE01.1.0.0
2025-12-12 23:27:56,722 [ERROR] Engine:463 - C:\Users\ATPHOME\.stm32cubemx\thirdparties\pdsc\STMicroelectronics.X-CUBE-TOF1.3.4.3.pdsc: PDSC version is not supported
2025-12-12 23:27:56,722 [INFO] ThirdParty:915 - Integrity check success = true
2025-12-12 23:27:56,722 [INFO] IntegrityCheckThread:94 - exiting critical section [integrity check]
2025-12-12 23:27:56,722 [INFO] IntegrityCheckThread:97 - End integrity checks thread
2025-12-12 23:27:56,891 [INFO] DbBoardsPdsc:90 - Found 25 items
2025-12-12 23:27:56,893 [INFO] DbBoardsPdsc:90 - Found 9 items
2025-12-12 23:27:56,897 [INFO] DbBoardsPdsc:90 - Found 33 items
2025-12-12 23:27:56,898 [INFO] DbBoardsPdsc:90 - Found 1 items
2025-12-12 23:27:56,905 [INFO] DbBoardsPdsc:90 - Found 48 items
2025-12-12 23:27:56,911 [INFO] DbBoardsPdsc:90 - Found 43 items
2025-12-12 23:27:56,912 [INFO] DbBoardsPdsc:90 - Found 2 items
2025-12-12 23:27:56,914 [INFO] DbBoardsPdsc:90 - Found 5 items
2025-12-12 23:27:56,914 [WARN] DbBoardsPdsc:254 - Board STM32H7B3I-DK: unknown feature type=Audio, name=, username=Audio stereo codec with Headphone Amp (CS42L51-CNZ), n=1
2025-12-12 23:27:56,914 [WARN] DbBoardsPdsc:254 - Board STM32H735G-DK: unknown feature type=Audio, name=, username=Audio stereo codec with Headphone Amp (WM8994ECS/R), n=1
2025-12-12 23:27:56,914 [WARN] DbBoardsPdsc:254 - Board STM32H7B3I-EVAL: unknown feature type=Audio, name=, username=Multi-Channel Audio Codec (CS42L51-CNZ), n=1
2025-12-12 23:27:56,914 [WARN] DbBoardsPdsc:254 - Board STM32H7B3I-EVAL: unknown feature type=Meter, name=, username=Power-metering and Temperature-monitoring with sigma-delta modulators, n=1
2025-12-12 23:27:56,914 [WARN] DbBoardsPdsc:254 - Board STM32H7B3I-EVAL: unknown feature type=Motor, name=, username=Motor Control, n=1
2025-12-12 23:27:56,914 [WARN] DbBoardsPdsc:254 - Board STM32U575I-EV: unknown feature type=joystick, name=, username=4-direction joystick with selection button, n=1
2025-12-12 23:27:56,929 [INFO] DbBoardsJson:86 - JSON generation date=Tue Nov 16 23:17:54 ICT 2021 (1637079474)
2025-12-12 23:27:56,929 [INFO] DbBoards:117 - Found 167 boards (163 are supported by CubeMX)
2025-12-12 23:27:56,945 [INFO] DbBoardsDocs:143 - JSON generation date=Tue Nov 16 23:17:54 ICT 2021 (1637079474)
2025-12-12 23:27:56,945 [INFO] DbBoardsDocs:79 - Found 209 boards documents
2025-12-12 23:27:56,945 [WARN] DbBoards:127 - board B-L475E-IOT01A2 has no document id list !
2025-12-12 23:27:56,945 [WARN] DbBoards:127 - board NUCLEO-H743ZI has no document id list !
2025-12-12 23:27:56,961 [WARN] DbBoards:127 - board NUCLEO-WL55JC2 has no document id list !
2025-12-12 23:27:56,961 [WARN] DbBoards:127 - board P-NUCLEO-WB55-Nucleo has no document id list !
2025-12-12 23:27:56,961 [WARN] DbBoards:127 - board P-NUCLEO-WB55-USBDongle has no document id list !
2025-12-12 23:27:56,961 [WARN] DbBoards:127 - board STEVAL-BFA001V1B has no document id list !
2025-12-12 23:27:56,961 [WARN] DbBoards:127 - board STEVAL-BFA001V2B has no document id list !
2025-12-12 23:27:56,961 [WARN] DbBoards:127 - board STEVAL-IDP005V1 has no document id list !
2025-12-12 23:27:56,961 [WARN] DbBoards:127 - board STEVAL-IDP005V2 has no document id list !
2025-12-12 23:27:56,961 [WARN] DbBoards:127 - board STEVAL-MKSBOX1V1 has no document id list !
2025-12-12 23:27:56,961 [WARN] DbBoards:127 - board STEVAL-STWINKT1 has no document id list !
2025-12-12 23:27:56,961 [WARN] DbBoards:127 - board STEVAL-STWINKT1B has no document id list !
2025-12-12 23:27:56,961 [WARN] DbBoards:127 - board STM32439I-EVAL2 has no document id list !
2025-12-12 23:27:56,961 [WARN] DbBoards:127 - board STM32F401C-DISCO has no document id list !
2025-12-12 23:27:56,961 [WARN] DbBoards:127 - board STM32F769I-DISC1 has no document id list !
2025-12-12 23:27:56,961 [WARN] DbBoards:127 - board STM32G474E-EVAL1 has no document id list !
2025-12-12 23:27:56,961 [WARN] DbBoards:127 - board STM32H743I-EVAL2 has no document id list !
2025-12-12 23:27:56,961 [WARN] DbBoards:127 - board STM32H747I-DISC1 has no document id list !
2025-12-12 23:27:56,961 [WARN] DbBoards:127 - board STM32H753I-EVAL2 has no document id list !
2025-12-12 23:27:56,961 [WARN] DbBoards:127 - board STM32L-DISCOVERY has no document id list !
2025-12-12 23:27:57,107 [ERROR] DbBoards:189 - Image file not found for board B-U585I-IOT02A: G:\Study\ViXuLy\stm32cubeide_1.7.0\STM32CubeIDE\plugins\com.st.stm32cube.common.mx_6.3.0.202107141111\\db\/plugins/mcufinder/images/boards/B-U585I-IOT02A_small.jpg
2025-12-12 23:27:57,207 [ERROR] DbBoards:189 - Image file not found for board NUCLEO-F413ZH: G:\Study\ViXuLy\stm32cubeide_1.7.0\STM32CubeIDE\plugins\com.st.stm32cube.common.mx_6.3.0.202107141111\\db\/plugins/mcufinder/images/boards/nucleo-f413zh_small.jpg
2025-12-12 23:27:57,445 [ERROR] DbBoards:189 - Image file not found for board NUCLEO-L552ZE-Q: G:\Study\ViXuLy\stm32cubeide_1.7.0\STM32CubeIDE\plugins\com.st.stm32cube.common.mx_6.3.0.202107141111\\db\/plugins/mcufinder/images/boards/nucleo_l552ze_q_small.jpg
2025-12-12 23:27:57,445 [ERROR] DbBoards:189 - Image file not found for board NUCLEO-U575ZI-Q: G:\Study\ViXuLy\stm32cubeide_1.7.0\STM32CubeIDE\plugins\com.st.stm32cube.common.mx_6.3.0.202107141111\\db\/plugins/mcufinder/images/boards/nucleo-u575zi-q_small.jpg
2025-12-12 23:27:57,445 [ERROR] DbBoards:189 - Image file not found for board NUCLEO-WB15CC: G:\Study\ViXuLy\stm32cubeide_1.7.0\STM32CubeIDE\plugins\com.st.stm32cube.common.mx_6.3.0.202107141111\\db\/plugins/mcufinder/images/boards/nucleo-wb15cc_small.jpg
2025-12-12 23:27:57,445 [ERROR] DbBoards:189 - Image file not found for board NUCLEO-WB55RG: G:\Study\ViXuLy\stm32cubeide_1.7.0\STM32CubeIDE\plugins\com.st.stm32cube.common.mx_6.3.0.202107141111\\db\/plugins/mcufinder/images/boards/nucleo-wb55rg_small.jpg
2025-12-12 23:27:58,709 [INFO] ApiDb:251 - Load user favorites file C:\Users\ATPHOME/.stm32cubeide/favorites.boards.txt: 0 item(s)
2025-12-12 23:27:58,709 [INFO] ApiDb:255 - User favorites Boards=[]
2025-12-12 23:27:58,709 [INFO] DbBoards:206 - Set 0 / 0 favorites Boards
2025-12-12 23:28:09,722 [INFO] MainUpdater:2671 - connection check result : 10
2025-12-12 23:28:09,722 [INFO] MainUpdater:2671 - connection check result : 10
2025-12-12 23:28:09,769 [INFO] MicroXplorer:448 - Change Database Path : 
2025-12-12 23:28:09,769 [INFO] MicroXplorer:478 - Change Database Version : DB.6.0.30
2025-12-12 23:28:09,769 [WARN] ThirdParty:813 - waiting for thirdparty lock release [close project]
2025-12-12 23:28:09,769 [INFO] ThirdParty:815 - entering critical section [close project]
2025-12-12 23:28:09,769 [INFO] ThirdParty:825 - exiting critical section [close project]
2025-12-12 23:28:09,769 [INFO] PinOutPanel:1463 - setPackage(No Configuration,No Configuration)
2025-12-12 23:28:09,769 [INFO] UtilMem:74 - Begin LoadConfig() Used Memory: 506734528 Bytes (697303040)
2025-12-12 23:28:09,769 [INFO] MicroXplorer:448 - Change Database Path : 
2025-12-12 23:28:09,769 [INFO] MicroXplorer:478 - Change Database Version : DB.6.0.30
2025-12-12 23:28:09,769 [INFO] OpenFileManager:313 - Change cursor
2025-12-12 23:28:10,830 [INFO] Context:592 - Trying to add GPIOservice into a context  which must be forbidden
2025-12-12 23:28:11,126 [WARN] ApiManager:304 - Cannot register API 'Board Extension:PM33A1' from pack STMicroelectronics.X-CUBE-PM33A1.1.0.0: no header file found
2025-12-12 23:28:11,141 [WARN] ApiManager:304 - Cannot register API 'Board Extension:NFC09A1' from pack STMicroelectronics.X-CUBE-NFC9.1.0.0: no header file found
2025-12-12 23:28:11,141 [WARN] ApiManager:304 - Cannot register API 'Wireless:BlueNRG-MS' from pack STMicroelectronics.X-CUBE-BLE1.7.1.0: no header file found
2025-12-12 23:28:11,141 [WARN] ApiManager:304 - Cannot register API 'Board Extension:EEPRMA2' from pack STMicroelectronics.X-CUBE-EEPRMA1.5.2.0: no header file found
2025-12-12 23:28:11,141 [WARN] ApiManager:304 - Cannot register API 'Board Extension:PGEEZ1' from pack STMicroelectronics.X-CUBE-EEPRMA1.5.2.0: no header file found
2025-12-12 23:28:11,141 [WARN] ApiManager:304 - Cannot register API 'Board Extension:EEICA1' from pack STMicroelectronics.X-CUBE-EEPRMA1.5.2.0: no header file found
2025-12-12 23:28:11,141 [WARN] ApiManager:304 - Cannot register API 'Board Part:M24' from pack STMicroelectronics.X-CUBE-EEPRMA1.5.2.0: no header file found
2025-12-12 23:28:11,141 [WARN] ApiManager:304 - Cannot register API 'Board Part:M95' from pack STMicroelectronics.X-CUBE-EEPRMA1.5.2.0: no header file found
2025-12-12 23:28:11,141 [WARN] ApiManager:304 - Cannot register API 'Board Part:M95P32' from pack STMicroelectronics.X-CUBE-EEPRMA1.5.2.0: no header file found
2025-12-12 23:28:11,141 [WARN] ApiManager:304 - Cannot register API 'Board Part:M24256E-F' from pack STMicroelectronics.X-CUBE-EEPRMA1.5.2.0: no header file found
2025-12-12 23:28:11,141 [WARN] ApiManager:304 - Cannot register API 'Board Part:M24M01E-F' from pack STMicroelectronics.X-CUBE-EEPRMA1.5.2.0: no header file found
2025-12-12 23:28:11,141 [WARN] ApiManager:304 - Cannot register API 'PGEEZ1:SPI' from pack STMicroelectronics.X-CUBE-EEPRMA1.5.2.0: no header file found
2025-12-12 23:28:11,141 [WARN] ApiManager:304 - Cannot register API 'PGEEZ1:QDSPI' from pack STMicroelectronics.X-CUBE-EEPRMA1.5.2.0: no header file found
2025-12-12 23:28:11,157 [WARN] ApiManager:304 - Cannot register API 'Board Extension:GNSS1A1' from pack STMicroelectronics.X-CUBE-GNSS1.7.0.1: no header file found
2025-12-12 23:28:11,157 [WARN] ApiManager:304 - Cannot register API 'Board Support:Custom' from pack STMicroelectronics.X-CUBE-GNSS1.7.0.1: no header file found
2025-12-12 23:28:11,157 [WARN] ApiManager:304 - Cannot register API 'Data Exchange:lib_gnss' from pack STMicroelectronics.X-CUBE-GNSS1.7.0.1: no header file found
2025-12-12 23:28:11,157 [WARN] ApiManager:304 - Cannot register API 'Board Extension:NFC12A1' from pack STMicroelectronics.X-CUBE-NFC12.1.0.0: no header file found
2025-12-12 23:28:11,157 [WARN] ApiManager:304 - Cannot register API 'Board Extension:NFC06A1' from pack STMicroelectronics.X-CUBE-NFC6.3.1.0: no header file found
2025-12-12 23:28:11,157 [WARN] ApiManager:304 - Cannot register API 'Board Extension:NFC08A1' from pack STMicroelectronics.X-CUBE-NFC6.3.1.0: no header file found
2025-12-12 23:28:11,315 [WARN] ApiManager:304 - Cannot register API 'Board Extension:IKS02A1' from pack STMicroelectronics.X-CUBE-MEMS1.12.0.0: no header file found
2025-12-12 23:28:11,315 [WARN] ApiManager:304 - Cannot register API 'Board Extension:IKS4A1' from pack STMicroelectronics.X-CUBE-MEMS1.12.0.0: no header file found
2025-12-12 23:28:11,315 [WARN] ApiManager:304 - Cannot register API 'Board Extension:IKS5A1' from pack STMicroelectronics.X-CUBE-MEMS1.12.0.0: no header file found
2025-12-12 23:28:11,326 [INFO] RtosManager:484 - Registered RTOS mode: class=CMSIS, group=RTOS, mode=CMSIS_V1, owner=FREERTOS
2025-12-12 23:28:11,326 [INFO] RtosManager:484 - Registered RTOS mode: class=CMSIS, group=RTOS2, mode=CMSIS_V2, owner=FREERTOS
2025-12-12 23:28:11,326 [INFO] RtosManager:484 - Registered RTOS mode: class=RTOS, group=Core, mode=CMSIS_V1, owner=FREERTOS
2025-12-12 23:28:11,326 [INFO] RtosManager:484 - Registered RTOS mode: class=RTOS, group=Core, mode=CMSIS_V2, owner=FREERTOS
2025-12-12 23:28:11,327 [WARN] ModelIntegratedComponent:181 - Missing modes for component STMicroelectronics:FreeRTOS:0.0.1:STMicroelectronics:RTOS:FreeRTOS:Core:::10.2.0:
2025-12-12 23:28:11,329 [WARN] ApiManager:304 - Cannot register API 'Board Extension:STSAFEA1' from pack STMicroelectronics.X-CUBE-SAFEA1.1.2.2: no header file found
2025-12-12 23:28:11,329 [WARN] ApiManager:304 - Cannot register API 'Board Part:STSAFEA110' from pack STMicroelectronics.X-CUBE-SAFEA1.1.2.2: no header file found
2025-12-12 23:28:11,329 [WARN] ApiManager:304 - Cannot register API 'Security:ST_Cryptolib' from pack STMicroelectronics.X-CUBE-SAFEA1.1.2.2: no header file found
2025-12-12 23:28:11,329 [WARN] ApiManager:304 - Cannot register API 'Security:MbedTLS' from pack STMicroelectronics.X-CUBE-SAFEA1.1.2.2: no header file found
2025-12-12 23:28:11,330 [WARN] ApiManager:304 - Cannot register API 'Board Extension:NFC04A1' from pack STMicroelectronics.X-CUBE-NFC4.3.0.0: no header file found
2025-12-12 23:28:11,334 [WARN] ApiManager:304 - Cannot register API 'Board Extension:S2868A1' from pack STMicroelectronics.X-CUBE-SUBG2.5.0.0: no header file found
2025-12-12 23:28:11,334 [WARN] ApiManager:304 - Cannot register API 'Board Extension:S2868A2' from pack STMicroelectronics.X-CUBE-SUBG2.5.0.0: no header file found
2025-12-12 23:28:11,334 [WARN] ApiManager:304 - Cannot register API 'Board Extension:S2915A1' from pack STMicroelectronics.X-CUBE-SUBG2.5.0.0: no header file found
2025-12-12 23:28:11,335 [WARN] ApiManager:304 - Cannot register API 'Wireless:STM32WB05N' from pack STMicroelectronics.X-CUBE-WB05N.2.0.0: no header file found
2025-12-12 23:28:11,340 [WARN] ApiManager:304 - Cannot register API 'Board Extension:NFC07A1' from pack STMicroelectronics.X-CUBE-NFC7.2.0.0: no header file found
2025-12-12 23:28:11,340 [WARN] ApiManager:304 - Cannot register API 'Board Extension:NFC10A1' from pack STMicroelectronics.X-CUBE-NFC10.1.0.0: no header file found
2025-12-12 23:28:11,342 [WARN] ModelIntegratedComponent:60 - No mode defined for component null
2025-12-12 23:28:11,342 [WARN] ModelIntegratedComponent:60 - No mode defined for component null
2025-12-12 23:28:11,342 [WARN] ModelIntegratedComponent:60 - No mode defined for component null
2025-12-12 23:28:11,342 [WARN] ModelIntegratedComponent:60 - No mode defined for component null
2025-12-12 23:28:11,342 [WARN] ModelIntegratedComponent:60 - No mode defined for component null
2025-12-12 23:28:11,342 [WARN] ModelIntegratedComponent:60 - No mode defined for component null
2025-12-12 23:28:11,342 [WARN] ModelIntegratedComponent:60 - No mode defined for component null
2025-12-12 23:28:11,342 [WARN] ModelIntegratedComponent:60 - No mode defined for component null
2025-12-12 23:28:11,342 [WARN] ModelIntegratedComponent:60 - No mode defined for component null
2025-12-12 23:28:11,342 [WARN] ModelIntegratedComponent:60 - No mode defined for component null
2025-12-12 23:28:11,342 [WARN] ModelIntegratedComponent:60 - No mode defined for component null
2025-12-12 23:28:11,342 [WARN] ModelIntegratedComponent:60 - No mode defined for component null
2025-12-12 23:28:11,342 [WARN] ModelIntegratedComponent:60 - No mode defined for component null
2025-12-12 23:28:11,342 [WARN] ModelIntegratedComponent:60 - No mode defined for component null
2025-12-12 23:28:11,342 [WARN] ModelIntegratedComponent:60 - No mode defined for component null
2025-12-12 23:28:11,342 [WARN] ModelIntegratedComponent:60 - No mode defined for component null
2025-12-12 23:28:11,342 [WARN] ModelIntegratedComponent:60 - No mode defined for component null
2025-12-12 23:28:11,342 [WARN] ModelIntegratedComponent:60 - No mode defined for component null
2025-12-12 23:28:11,342 [WARN] ModelIntegratedComponent:60 - No mode defined for component null
2025-12-12 23:28:11,342 [WARN] ModelIntegratedComponent:60 - No mode defined for component null
2025-12-12 23:28:11,342 [WARN] ModelIntegratedComponent:60 - No mode defined for component null
2025-12-12 23:28:11,342 [WARN] ModelIntegratedComponent:60 - No mode defined for component null
2025-12-12 23:28:11,342 [WARN] ModelIntegratedComponent:60 - No mode defined for component null
2025-12-12 23:28:11,342 [WARN] ModelIntegratedComponent:60 - No mode defined for component null
2025-12-12 23:28:11,342 [WARN] ModelIntegratedComponent:60 - No mode defined for component null
2025-12-12 23:28:11,342 [WARN] ModelIntegratedComponent:60 - No mode defined for component null
2025-12-12 23:28:11,342 [WARN] ModelIntegratedComponent:60 - No mode defined for component null
2025-12-12 23:28:11,342 [WARN] ModelIntegratedComponent:60 - No mode defined for component null
2025-12-12 23:28:11,342 [WARN] ModelIntegratedComponent:60 - No mode defined for component null
2025-12-12 23:28:11,342 [WARN] ModelIntegratedComponent:60 - No mode defined for component null
2025-12-12 23:28:11,342 [WARN] ModelIntegratedComponent:60 - No mode defined for component null
2025-12-12 23:28:11,342 [WARN] ApiManager:304 - Cannot register API 'Board Extension:GNSS1A1' from pack STMicroelectronics.X-CUBE-GNSS1.7.1.0: no header file found
2025-12-12 23:28:11,342 [WARN] ApiManager:304 - Cannot register API 'Board Support:Custom' from pack STMicroelectronics.X-CUBE-GNSS1.7.1.0: no header file found
2025-12-12 23:28:11,342 [WARN] ApiManager:304 - Cannot register API 'Data Exchange:lib_gnss' from pack STMicroelectronics.X-CUBE-GNSS1.7.1.0: no header file found
2025-12-12 23:28:11,342 [WARN] ApiManager:304 - Cannot register API 'Board Extension:SAFEA1' from pack STMicroelectronics.X-CUBE-STSE01.1.0.0: no header file found
2025-12-12 23:28:11,342 [WARN] ApiManager:304 - Cannot register API 'Board Extension:ESE01A1' from pack STMicroelectronics.X-CUBE-STSE01.1.0.0: no header file found
2025-12-12 23:28:11,342 [WARN] ApiManager:304 - Cannot register API 'Board Part:STSAFEA110' from pack STMicroelectronics.X-CUBE-STSE01.1.0.0: no header file found
2025-12-12 23:28:11,342 [WARN] ApiManager:304 - Cannot register API 'Board Part:STSAFEA120' from pack STMicroelectronics.X-CUBE-STSE01.1.0.0: no header file found
2025-12-12 23:28:11,342 [WARN] ApiManager:304 - Cannot register API 'Security:STM32_Cryptographic' from pack STMicroelectronics.X-CUBE-STSE01.1.0.0: no header file found
2025-12-12 23:28:11,342 [WARN] ApiManager:304 - Cannot register API 'Security:STSELib' from pack STMicroelectronics.X-CUBE-STSE01.1.0.0: no header file found
2025-12-12 23:28:11,644 [WARN] ApiManager:304 - Cannot register API 'Board Extension:IKS01A3' from pack STMicroelectronics.X-CUBE-MEMS1.11.3.0: no header file found
2025-12-12 23:28:11,644 [WARN] ApiManager:304 - Cannot register API 'Board Extension:IKS02A1' from pack STMicroelectronics.X-CUBE-MEMS1.11.3.0: no header file found
2025-12-12 23:28:11,644 [WARN] ApiManager:304 - Cannot register API 'Board Extension:IKS4A1' from pack STMicroelectronics.X-CUBE-MEMS1.11.3.0: no header file found
2025-12-12 23:28:11,659 [WARN] ApiManager:304 - Cannot register API 'Board Extension:S2868A1' from pack STMicroelectronics.X-CUBE-SFXS2LP1.4.0.0: no header file found
2025-12-12 23:28:11,659 [WARN] ApiManager:304 - Cannot register API 'Board Extension:S2868A2' from pack STMicroelectronics.X-CUBE-SFXS2LP1.4.0.0: no header file found
2025-12-12 23:28:11,659 [WARN] ApiManager:304 - Cannot register API 'Board Extension:S2915A1' from pack STMicroelectronics.X-CUBE-SFXS2LP1.4.0.0: no header file found
2025-12-12 23:28:11,659 [WARN] ApiManager:304 - Cannot register API 'Wireless:BlueNRG-2' from pack STMicroelectronics.X-CUBE-BLE2.3.3.0: no header file found
2025-12-12 23:28:16,326 [INFO] UtilMem:74 - End LoadConfig() Used Memory: 583427352 Bytes (697303040)
2025-12-12 23:28:16,326 [WARN] ThirdParty:779 - waiting for thirdparty lock release [change project]
2025-12-12 23:28:16,326 [INFO] ThirdParty:781 - entering critical section [change project]
2025-12-12 23:28:16,326 [INFO] ThirdParty:967 - CMSIS Pack Vendor :STMicroelectronics X-CUBE-PM33A1 1.0.0
2025-12-12 23:28:16,326 [INFO] ThirdParty:967 - CMSIS Pack Vendor :STMicroelectronics X-CUBE-NFC9 1.0.0
2025-12-12 23:28:16,326 [INFO] ThirdParty:967 - CMSIS Pack Vendor :STMicroelectronics USB_HOST 2.0.0
2025-12-12 23:28:16,326 [INFO] ThirdParty:967 - CMSIS Pack Vendor :STMicroelectronics X-CUBE-AZRTOS-F4 1.1.0
2025-12-12 23:28:16,326 [INFO] ThirdParty:967 - CMSIS Pack Vendor :STMicroelectronics FP-ATR-ASTRA1 2.0.2
2025-12-12 23:28:16,326 [INFO] ThirdParty:967 - CMSIS Pack Vendor :wolfSSL I-CUBE-wolfSSL 5.8.2
2025-12-12 23:28:16,326 [INFO] ThirdParty:967 - CMSIS Pack Vendor :STMicroelectronics X-CUBE-BLE1 7.1.0
2025-12-12 23:28:16,326 [INFO] ThirdParty:967 - CMSIS Pack Vendor :wolfSSL I-CUBE-wolfMQTT 1.19.2
2025-12-12 23:28:16,326 [INFO] ThirdParty:967 - CMSIS Pack Vendor :STMicroelectronics USB_DEVICE 3.0.0
2025-12-12 23:28:16,326 [INFO] ThirdParty:967 - CMSIS Pack Vendor :STMicroelectronics X-CUBE-ISPU 2.1.0
2025-12-12 23:28:16,326 [INFO] ThirdParty:967 - CMSIS Pack Vendor :STMicroelectronics X-CUBE-EEPRMA1 5.2.0
2025-12-12 23:28:16,326 [INFO] ThirdParty:967 - CMSIS Pack Vendor :STMicroelectronics X-CUBE-AZRTOS-WB 2.0.0
2025-12-12 23:28:16,326 [INFO] ThirdParty:967 - CMSIS Pack Vendor :STMicroelectronics X-CUBE-GNSS1 7.0.1
2025-12-12 23:28:16,326 [INFO] ThirdParty:967 - CMSIS Pack Vendor :STMicroelectronics X-CUBE-NFC12 1.0.0
2025-12-12 23:28:16,326 [INFO] ThirdParty:967 - CMSIS Pack Vendor :STMicroelectronics X-CUBE-AZRTOS-F7 1.1.0
2025-12-12 23:28:16,326 [INFO] ThirdParty:967 - CMSIS Pack Vendor :STMicroelectronics X-CUBE-AZRTOS-L5 2.0.0
2025-12-12 23:28:16,326 [INFO] ThirdParty:967 - CMSIS Pack Vendor :STMicroelectronics X-CUBE-TOUCHGFX 4.25.0
2025-12-12 23:28:16,326 [INFO] ThirdParty:967 - CMSIS Pack Vendor :STMicroelectronics USB_DEVICE 2.0.0
2025-12-12 23:28:16,326 [INFO] ThirdParty:967 - CMSIS Pack Vendor :STMicroelectronics X-CUBE-NFC6 3.1.0
2025-12-12 23:28:16,326 [INFO] ThirdParty:967 - CMSIS Pack Vendor :STMicroelectronics X-CUBE-MEMS1 12.0.0
2025-12-12 23:28:16,326 [INFO] ThirdParty:967 - CMSIS Pack Vendor :STMicroelectronics FreeRTOS 0.0.1
2025-12-12 23:28:16,326 [INFO] ThirdParty:967 - CMSIS Pack Vendor :STMicroelectronics X-CUBE-AZRTOS-G0 1.1.0
2025-12-12 23:28:16,326 [INFO] ThirdParty:967 - CMSIS Pack Vendor :STMicroelectronics X-CUBE-SAFEA1 1.2.2
2025-12-12 23:28:16,326 [INFO] ThirdParty:967 - CMSIS Pack Vendor :STMicroelectronics X-CUBE-NFC4 3.0.0
2025-12-12 23:28:16,326 [INFO] ThirdParty:967 - CMSIS Pack Vendor :STMicroelectronics X-CUBE-SUBG2 5.0.0
2025-12-12 23:28:16,326 [INFO] ThirdParty:967 - CMSIS Pack Vendor :STMicroelectronics X-CUBE-AZRTOS-H7RS 1.1.0
2025-12-12 23:28:16,326 [INFO] ThirdParty:967 - CMSIS Pack Vendor :STMicroelectronics lwIP 2.0.3
2025-12-12 23:28:16,326 [INFO] ThirdParty:967 - CMSIS Pack Vendor :STMicroelectronics USB_HOST 1.0.0
2025-12-12 23:28:16,326 [INFO] ThirdParty:967 - CMSIS Pack Vendor :STMicroelectronics X-CUBE-AZRTOS-G4 2.0.0
2025-12-12 23:28:16,326 [INFO] ThirdParty:967 - CMSIS Pack Vendor :STMicroelectronics X-CUBE-WB05N 2.0.0
2025-12-12 23:28:16,326 [INFO] ThirdParty:967 - CMSIS Pack Vendor :STMicroelectronics PDM2PCM 3.1.0
2025-12-12 23:28:16,326 [INFO] ThirdParty:967 - CMSIS Pack Vendor :STMicroelectronics PDM2PCM 3.3.0
2025-12-12 23:28:16,326 [INFO] ThirdParty:967 - CMSIS Pack Vendor :wolfSSL I-CUBE-wolfTPM 3.8.0
2025-12-12 23:28:16,326 [INFO] ThirdParty:967 - CMSIS Pack Vendor :STMicroelectronics X-CUBE-AZRTOS-H7 3.4.0
2025-12-12 23:28:16,326 [INFO] ThirdParty:967 - CMSIS Pack Vendor :wolfSSL I-CUBE-wolfSSH 1.4.20
2025-12-12 23:28:16,326 [INFO] ThirdParty:967 - CMSIS Pack Vendor :STMicroelectronics X-CUBE-NFC7 2.0.0
2025-12-12 23:28:16,326 [INFO] ThirdParty:967 - CMSIS Pack Vendor :STMicroelectronics FP-ATR-SIGFOX1 3.2.0
2025-12-12 23:28:16,326 [INFO] ThirdParty:967 - CMSIS Pack Vendor :STMicroelectronics X-CUBE-NFC10 1.0.0
2025-12-12 23:28:16,326 [INFO] ThirdParty:967 - CMSIS Pack Vendor :STMicroelectronics HAL Drivers 0.0.0
2025-12-12 23:28:16,326 [INFO] ThirdParty:967 - CMSIS Pack Vendor :STMicroelectronics MBEDTLS 2.16.2
2025-12-12 23:28:16,326 [INFO] ThirdParty:967 - CMSIS Pack Vendor :STMicroelectronics MBEDTLS 2.14.1
2025-12-12 23:28:16,326 [INFO] ThirdParty:967 - CMSIS Pack Vendor :STMicroelectronics X-CUBE-GNSS1 7.1.0
2025-12-12 23:28:16,326 [INFO] ThirdParty:967 - CMSIS Pack Vendor :STMicroelectronics X-CUBE-TOUCHGFX 4.26.0
2025-12-12 23:28:16,326 [INFO] ThirdParty:967 - CMSIS Pack Vendor :STMicroelectronics X-CUBE-STSE01 1.0.0
2025-12-12 23:28:16,326 [INFO] ThirdParty:967 - CMSIS Pack Vendor :STMicroelectronics X-CUBE-AI 10.2.0
2025-12-12 23:28:16,326 [INFO] ThirdParty:967 - CMSIS Pack Vendor :STMicroelectronics X-CUBE-AZRTOS-WL 2.0.0
2025-12-12 23:28:16,326 [INFO] ThirdParty:967 - CMSIS Pack Vendor :SEGGER I-CUBE-embOS 1.3.1
2025-12-12 23:28:16,326 [INFO] ThirdParty:967 - CMSIS Pack Vendor :STMicroelectronics X-CUBE-ALGOBUILD 1.4.0
2025-12-12 23:28:16,326 [INFO] ThirdParty:967 - CMSIS Pack Vendor :STMicroelectronics X-CUBE-MEMS1 11.3.0
2025-12-12 23:28:16,326 [INFO] ThirdParty:967 - CMSIS Pack Vendor :STMicroelectronics USB_DEVICE 1.0.0
2025-12-12 23:28:16,326 [INFO] ThirdParty:967 - CMSIS Pack Vendor :STMicroelectronics X-CUBE-AZRTOS-H7RS 1.2.0
2025-12-12 23:28:16,326 [INFO] ThirdParty:967 - CMSIS Pack Vendor :STMicroelectronics X-CUBE-AZRTOS-L4 2.0.0
2025-12-12 23:28:16,326 [INFO] ThirdParty:967 - CMSIS Pack Vendor :STMicroelectronics ThreadX 0.0.2
2025-12-12 23:28:16,326 [INFO] ThirdParty:967 - CMSIS Pack Vendor :STMicroelectronics lwIP 2.1.2
2025-12-12 23:28:16,326 [INFO] ThirdParty:967 - CMSIS Pack Vendor :STMicroelectronics X-CUBE-SFXS2LP1 4.0.0
2025-12-12 23:28:16,326 [INFO] ThirdParty:967 - CMSIS Pack Vendor :STMicroelectronics X-CUBE-BLE2 3.3.0
2025-12-12 23:28:16,326 [INFO] ThirdParty:967 - CMSIS Pack Vendor :STMicroelectronics PDM2PCM 3.2.0
2025-12-12 23:28:16,326 [INFO] ThirdParty:787 - exiting critical section [change project]
2025-12-12 23:28:16,600 [INFO] PinOutPanel:1463 - setPackage(No Configuration,No Configuration)
2025-12-12 23:28:16,600 [INFO] PinOutPanel:1463 - setPackage(STM32F103RBTx,LQFP64)
2025-12-12 23:28:17,053 [INFO] UtilMem:74 - Before build in PCC Used Memory: 570255872 Bytes (697303040)
2025-12-12 23:28:17,796 [INFO] UtilMem:74 - After build in PCC Used Memory: 607627656 Bytes (697303040)
2025-12-12 23:28:17,827 [INFO] IPUIPlugin:74 - create IPUIPlugin
2025-12-12 23:28:17,827 [INFO] IPUIPlugin:74 - create IPUIPlugin
2025-12-12 23:28:17,827 [INFO] IPUIPlugin:74 - create IPUIPlugin
2025-12-12 23:28:17,827 [INFO] IPUIPlugin:74 - create IPUIPlugin
2025-12-12 23:28:17,827 [INFO] IPUIPlugin:74 - create IPUIPlugin
2025-12-12 23:28:17,827 [INFO] IPUIPlugin:74 - create IPUIPlugin
2025-12-12 23:28:17,827 [INFO] IPUIPlugin:74 - create IPUIPlugin
2025-12-12 23:28:17,827 [INFO] IPUIPlugin:74 - create IPUIPlugin
2025-12-12 23:28:17,827 [INFO] IPUIPlugin:74 - create IPUIPlugin
2025-12-12 23:28:17,827 [INFO] IPUIPlugin:74 - create IPUIPlugin
2025-12-12 23:28:17,827 [INFO] IPUIPlugin:74 - create IPUIPlugin
2025-12-12 23:28:17,827 [INFO] IPUIPlugin:74 - create IPUIPlugin
2025-12-12 23:28:17,827 [INFO] IPUIPlugin:74 - create IPUIPlugin
2025-12-12 23:28:17,827 [INFO] IPUIPlugin:74 - create IPUIPlugin
2025-12-12 23:28:17,827 [INFO] IPUIPlugin:74 - create IPUIPlugin
2025-12-12 23:28:17,827 [INFO] IPUIPlugin:74 - create IPUIPlugin
2025-12-12 23:28:17,827 [INFO] IPUIPlugin:74 - create IPUIPlugin
2025-12-12 23:28:17,827 [INFO] IPUIPlugin:74 - create IPUIPlugin
2025-12-12 23:28:17,827 [INFO] IPUIPlugin:74 - create IPUIPlugin
2025-12-12 23:28:17,843 [INFO] IPUIPlugin:74 - create IPUIPlugin
2025-12-12 23:28:17,843 [INFO] IPUIPlugin:74 - create IPUIPlugin
2025-12-12 23:28:17,843 [INFO] IPUIPlugin:74 - create IPUIPlugin
2025-12-12 23:28:17,843 [INFO] IPUIPlugin:74 - create IPUIPlugin
2025-12-12 23:28:17,843 [INFO] IPUIPlugin:74 - create IPUIPlugin
2025-12-12 23:28:17,843 [INFO] IPUIPlugin:74 - create IPUIPlugin
2025-12-12 23:28:17,843 [INFO] IPUIPlugin:74 - create IPUIPlugin
2025-12-12 23:28:17,843 [INFO] IPUIPlugin:74 - create IPUIPlugin
2025-12-12 23:28:17,965 [INFO] OpenFileManager:333 - Restore cursor
2025-12-12 23:28:18,269 [INFO] UtilMem:74 - End SaveConfig() Used Memory: 567227904 Bytes (697303040)
2025-12-12 23:28:21,149 [ERROR] FileExtend:450 - File entry not found
2025-12-12 23:28:21,149 [INFO] FileExtend:235 - Unzip File : stm32cube_fw_f1_v180.zip
2025-12-12 23:28:21,149 [INFO] FileExtend:250 - Standard Zip Deflate
2025-12-12 23:28:39,690 [INFO] ServerAccessManage:362 - Download File stm32cube_fw_f1_v185.zip
2025-12-12 23:28:44,253 [INFO] FileExtend:235 - Unzip File : stm32cube_fw_f1_v185.zip
2025-12-12 23:28:44,253 [INFO] FileExtend:250 - Standard Zip Deflate
2025-12-12 23:28:53,018 [INFO] LoadServerPackagesThread:180 - End of LoadServerPackages Thread
2025-12-12 23:28:53,310 [INFO] UtilMem:74 - End SaveConfig() Used Memory: 1023797608 Bytes (1073741824)
2025-12-12 23:28:54,312 [INFO] BlockDiagram:2740 - set Specific Code input for plugin: NVIC
2025-12-12 23:28:54,312 [INFO] BlockDiagram:2740 - set Specific Code input for plugin: USART
2025-12-12 23:28:54,312 [INFO] BlockDiagram:2740 - set Specific Code input for plugin: TIM1_8F1
2025-12-12 23:28:54,313 [INFO] BlockDiagram:2740 - set Specific Code input for plugin: TIM1_8F1
2025-12-12 23:28:54,313 [INFO] BlockDiagram:2740 - set Specific Code input for plugin: SYS
2025-12-12 23:28:54,313 [INFO] BlockDiagram:2740 - set Specific Code input for plugin: GPIO
2025-12-12 23:28:54,313 [INFO] BlockDiagram:2740 - set Specific Code input for plugin: RCC
2025-12-12 23:28:54,315 [INFO] CodeGenerator:663 - code generatio: config db path: G:\Study\ViXuLy\stm32cubeide_1.7.0\STM32CubeIDE\plugins\com.st.stm32cube.common.mx_6.3.0.202107141111\\db\
2025-12-12 23:28:54,859 [INFO] CodeEngine:239 - oldGeneratedFile, C:\Users\ATPHOME\Desktop\VXL\VXL-1652026-Assignment\Assignment_simulation\MXTmpFiles\license.tmp_save
2025-12-12 23:28:55,262 [INFO] CodeEngine:257 - Generated code: C:\Users\ATPHOME\Desktop\VXL\VXL-1652026-Assignment\Assignment_simulation\MXTmpFiles\license.tmp
2025-12-12 23:28:55,413 [INFO] CodeEngine:239 - oldGeneratedFile, C:\Users\ATPHOME\Desktop\VXL\VXL-1652026-Assignment\Assignment_simulation\MXTmpFiles\gpio.tmp_save
2025-12-12 23:28:55,562 [INFO] CodeEngine:257 - Generated code: C:\Users\ATPHOME\Desktop\VXL\VXL-1652026-Assignment\Assignment_simulation\MXTmpFiles\gpio.tmp
2025-12-12 23:28:55,867 [INFO] CodeEngine:239 - oldGeneratedFile, C:\Users\ATPHOME\Desktop\VXL\VXL-1652026-Assignment\Assignment_simulation\Core\Src\stm32f1xx_it.c_save
2025-12-12 23:28:56,023 [INFO] CodeEngine:257 - Generated code: C:\Users\ATPHOME\Desktop\VXL\VXL-1652026-Assignment\Assignment_simulation\Core\Src\stm32f1xx_it.c
2025-12-12 23:28:56,023 [INFO] CodeEngine:239 - oldGeneratedFile, C:\Users\ATPHOME\Desktop\VXL\VXL-1652026-Assignment\Assignment_simulation\Core\Inc\stm32f1xx_it.h_save
2025-12-12 23:28:56,139 [INFO] CodeEngine:257 - Generated code: C:\Users\ATPHOME\Desktop\VXL\VXL-1652026-Assignment\Assignment_simulation\Core\Inc\stm32f1xx_it.h
2025-12-12 23:28:56,155 [INFO] CodeEngine:239 - oldGeneratedFile, C:\Users\ATPHOME\Desktop\VXL\VXL-1652026-Assignment\Assignment_simulation\Core\Src\stm32f1xx_hal_msp.c_save
2025-12-12 23:28:56,336 [INFO] CodeEngine:257 - Generated code: C:\Users\ATPHOME\Desktop\VXL\VXL-1652026-Assignment\Assignment_simulation\Core\Src\stm32f1xx_hal_msp.c
2025-12-12 23:28:56,346 [INFO] CodeEngine:239 - oldGeneratedFile, C:\Users\ATPHOME\Desktop\VXL\VXL-1652026-Assignment\Assignment_simulation\MXTmpFiles\system.tmp_save
2025-12-12 23:28:56,451 [INFO] CodeEngine:257 - Generated code: C:\Users\ATPHOME\Desktop\VXL\VXL-1652026-Assignment\Assignment_simulation\MXTmpFiles\system.tmp
2025-12-12 23:28:56,466 [INFO] CodeEngine:239 - oldGeneratedFile, C:\Users\ATPHOME\Desktop\VXL\VXL-1652026-Assignment\Assignment_simulation\Core\Inc\stm32f1xx_hal_conf.h_save
2025-12-12 23:28:56,557 [INFO] CheckServerUpdateThread:112 - End of CheckServer Thread
2025-12-12 23:28:56,647 [INFO] CodeEngine:257 - Generated code: C:\Users\ATPHOME\Desktop\VXL\VXL-1652026-Assignment\Assignment_simulation\Core\Inc\stm32f1xx_hal_conf.h
2025-12-12 23:28:56,678 [WARN] IPConfigManager:3148 - IP not found : TIM
2025-12-12 23:28:56,678 [WARN] CodeGenerator:3268 - IP not found : null
2025-12-12 23:28:56,696 [INFO] CodeEngine:239 - oldGeneratedFile, C:\Users\ATPHOME\Desktop\VXL\VXL-1652026-Assignment\Assignment_simulation\Core\Inc\main.h_save
2025-12-12 23:28:56,843 [INFO] CodeEngine:257 - Generated code: C:\Users\ATPHOME\Desktop\VXL\VXL-1652026-Assignment\Assignment_simulation\Core\Inc\main.h
2025-12-12 23:28:56,843 [INFO] CodeEngine:239 - oldGeneratedFile, C:\Users\ATPHOME\Desktop\VXL\VXL-1652026-Assignment\Assignment_simulation\Core\Src\main.c_save
2025-12-12 23:28:57,028 [INFO] CodeEngine:257 - Generated code: C:\Users\ATPHOME\Desktop\VXL\VXL-1652026-Assignment\Assignment_simulation\Core\Src\main.c
2025-12-12 23:28:58,012 [INFO] ProjectBuilder:2578 - Time for Copy HAL[1] : 180mS.
2025-12-12 23:28:58,012 [INFO] ProjectBuilder:3622 - Project Generator version: 3.14.1
2025-12-12 23:28:58,545 [INFO] ConfigFileManager:1271 - The Die is : DIE410
2025-12-12 23:28:58,560 [INFO] ApiDbMcu:468 - Load IP Config File for FATFS
2025-12-12 23:28:58,593 [INFO] ApiDbMcu:468 - Load IP Config File for FREERTOS
2025-12-12 23:28:58,616 [INFO] ApiDbMcu:468 - Load IP Config File for USB_DEVICE
2025-12-12 23:29:01,925 [INFO] ProjectBuilder:3789 - Time for Generating toolchain IDE Files: 3913mS.
2025-12-12 23:29:01,925 [INFO] ProjectBuilder:2457 - Time for Copy CMSIS : 0mS.
2025-12-12 23:29:01,932 [INFO] ProjectBuilder:2457 - Time for Copy CMSIS : 0mS.
2025-12-12 23:29:02,144 [INFO] McuFinderGlobals:52 - Set McuFinderConnectedMode to true
2025-12-12 23:29:02,144 [INFO] ApiDb:276 - Save user favorites file C:\Users\ATPHOME/.stm32cubeide/favorites.mcus.txt: 0 item(s)
2025-12-12 23:29:02,144 [INFO] ApiDb:280 - User favorites MCUs=[]
2025-12-12 23:30:23,601 [INFO] Activator:177 - 


2025-12-12 23:30:23,601 [INFO] Activator:178 - !SESSION log4j initialized
